,id,number_of_cpu_cores,occupied_cores,voltages_frequencies,ISL,capacitance,powerIdle,batteryLevel,errorRate,acceptableTasks,handleSafeTask
0,iot 0,8,"[0, 0, 0, 0, 0, 0, 0, 0]","[[(40000000.0, 2.7), (20000000.0, 2.3), (10000000.0, 1.8)], [(40000000.0, 2.7), (10000000.0, 1.8), (20000000.0, 2.3)], [(80000000.0, 4.0), (20000000.0, 2.3), (10000000.0, 1.8)], [(40000000.0, 2.7), (160000000.0, 5.0), (10000000.0, 1.8)], [(40000000.0, 2.7), (160000000.0, 5.0), (10000000.0, 1.8)], [(80000000.0, 4.0), (10000000.0, 1.8), (160000000.0, 5.0)], [(40000000.0, 2.7), (80000000.0, 4.0), (10000000.0, 1.8)], [(10000000.0, 1.8), (20000000.0, 2.3), (160000000.0, 5.0)]]",0.16,"[2.5255804594859e-10, 2.1843332452922333e-10, 2.412033433967516e-10, 2.6668799316405185e-10, 2.819425112286223e-10, 2.821560050776393e-10, 2.2222621495760424e-10, 2.83969640219525e-10]","[0.001, 0.001, 0.001, 0.0007999999999999999, 0.0009, 0.0009, 0.0009, 0.001]",37000000000.0,0.02,"[1, 3]",0
1,iot 1,16,"[0, 0, 0, 0, 0, 0, 0, 0, 0, 0, 0, 0, 0, 0, 0, 0]","[[(10000000.0, 1.8), (40000000.0, 2.7), (80000000.0, 4.0)], [(10000000.0, 1.8), (80000000.0, 4.0), (160000000.0, 5.0)], [(40000000.0, 2.7), (10000000.0, 1.8), (20000000.0, 2.3)], [(20000000.0, 2.3), (10000000.0, 1.8), (80000000.0, 4.0)], [(160000000.0, 5.0), (40000000.0, 2.7), (20000000.0, 2.3)], [(160000000.0, 5.0), (20000000.0, 2.3), (80000000.0, 4.0)], [(20000000.0, 2.3), (40000000.0, 2.7), (160000000.0, 5.0)], [(40000000.0, 2.7), (160000000.0, 5.0), (20000000.0, 2.3)], [(10000000.0, 1.8), (20000000.0, 2.3), (80000000.0, 4.0)], [(20000000.0, 2.3), (160000000.0, 5.0), (40000000.0, 2.7)], [(80000000.0, 4.0), (10000000.0, 1.8), (20000000.0, 2.3)], [(40000000.0, 2.7), (80000000.0, 4.0), (10000000.0, 1.8)], [(40000000.0, 2.7), (160000000.0, 5.0), (80000000.0, 4.0)], [(20000000.0, 2.3), (10000000.0, 1.8), (80000000.0, 4.0)], [(160000000.0, 5.0), (80000000.0, 4.0), (20000000.0, 2.3)], [(40000000.0, 2.7), (20000000.0, 2.3), (80000000.0, 4.0)]]",0.17,"[2.0036127207515668e-10, 2.771847387378339e-10, 2.487582023443718e-10, 2.1941373000045447e-10, 2.3452875581700593e-10, 2.1448231684175402e-10, 2.9854966811075877e-10, 2.153725365455154e-10, 2.425222473694163e-10, 2.688956785029353e-10, 2.2902509961430186e-10, 2.3226441541188818e-10, 2.588646383599039e-10, 2.384874351243638e-10, 2.961594171411686e-10, 2.941801845697242e-10]","[0.0009, 0.0009, 0.0009, 0.0007999999999999999, 0.001, 0.0009, 0.0009, 0.0009, 0.0007999999999999999, 0.0007999999999999999, 0.0007999999999999999, 0.001, 0.0007999999999999999, 0.0007999999999999999, 0.001, 0.0007999999999999999]",38000000000.0,0.04,"[2, 1]",0
2,iot 2,16,"[0, 0, 0, 0, 0, 0, 0, 0, 0, 0, 0, 0, 0, 0, 0, 0]","[[(160000000.0, 5.0), (40000000.0, 2.7), (10000000.0, 1.8)], [(40000000.0, 2.7), (160000000.0, 5.0), (10000000.0, 1.8)], [(20000000.0, 2.3), (10000000.0, 1.8), (160000000.0, 5.0)], [(10000000.0, 1.8), (160000000.0, 5.0), (40000000.0, 2.7)], [(160000000.0, 5.0), (80000000.0, 4.0), (20000000.0, 2.3)], [(10000000.0, 1.8), (80000000.0, 4.0), (160000000.0, 5.0)], [(40000000.0, 2.7), (160000000.0, 5.0), (80000000.0, 4.0)], [(10000000.0, 1.8), (40000000.0, 2.7), (20000000.0, 2.3)], [(160000000.0, 5.0), (80000000.0, 4.0), (20000000.0, 2.3)], [(10000000.0, 1.8), (20000000.0, 2.3), (40000000.0, 2.7)], [(160000000.0, 5.0), (40000000.0, 2.7), (20000000.0, 2.3)], [(10000000.0, 1.8), (160000000.0, 5.0), (40000000.0, 2.7)], [(10000000.0, 1.8), (80000000.0, 4.0), (40000000.0, 2.7)], [(20000000.0, 2.3), (160000000.0, 5.0), (80000000.0, 4.0)], [(80000000.0, 4.0), (40000000.0, 2.7), (20000000.0, 2.3)], [(40000000.0, 2.7), (160000000.0, 5.0), (10000000.0, 1.8)]]",0.17,"[2.0376009839383725e-10, 2.0879573267551512e-10, 2.830926995038981e-10, 2.6671834953268186e-10, 2.1557923061236008e-10, 2.60567724174511e-10, 2.665917563633116e-10, 2.756947475420811e-10, 2.1183384182475834e-10, 2.569063806600694e-10, 2.530689003448583e-10, 2.8930192588536524e-10, 2.586436106528917e-10, 2.1617011779130013e-10, 2.3755161055112553e-10, 2.619348872942616e-10]","[0.0007999999999999999, 0.0009, 0.001, 0.0009, 0.001, 0.0007999999999999999, 0.001, 0.0007999999999999999, 0.001, 0.0007999999999999999, 0.001, 0.001, 0.0007999999999999999, 0.0009, 0.001, 0.0009]",38000000000.0,0.04,"[3, 4, 1]",1
3,iot 3,4,"[0, 0, 0, 0]","[[(40000000.0, 2.7), (20000000.0, 2.3), (160000000.0, 5.0)], [(160000000.0, 5.0), (10000000.0, 1.8), (40000000.0, 2.7)], [(20000000.0, 2.3), (160000000.0, 5.0), (40000000.0, 2.7)], [(40000000.0, 2.7), (80000000.0, 4.0), (160000000.0, 5.0)]]",0.19,"[2.733962032570261e-10, 2.1532585167936735e-10, 2.492586600179465e-10, 2.280124941360544e-10]","[0.0009, 0.0007999999999999999, 0.001, 0.001]",40000000000.0,0.02,"[4, 3, 2]",1
4,iot 4,16,"[0, 0, 0, 0, 0, 0, 0, 0, 0, 0, 0, 0, 0, 0, 0, 0]","[[(40000000.0, 2.7), (80000000.0, 4.0), (20000000.0, 2.3)], [(40000000.0, 2.7), (80000000.0, 4.0), (20000000.0, 2.3)], [(160000000.0, 5.0), (20000000.0, 2.3), (80000000.0, 4.0)], [(80000000.0, 4.0), (10000000.0, 1.8), (160000000.0, 5.0)], [(160000000.0, 5.0), (80000000.0, 4.0), (10000000.0, 1.8)], [(10000000.0, 1.8), (80000000.0, 4.0), (160000000.0, 5.0)], [(160000000.0, 5.0), (40000000.0, 2.7), (20000000.0, 2.3)], [(20000000.0, 2.3), (80000000.0, 4.0), (40000000.0, 2.7)], [(20000000.0, 2.3), (160000000.0, 5.0), (10000000.0, 1.8)], [(20000000.0, 2.3), (160000000.0, 5.0), (80000000.0, 4.0)], [(80000000.0, 4.0), (160000000.0, 5.0), (10000000.0, 1.8)], [(160000000.0, 5.0), (10000000.0, 1.8), (40000000.0, 2.7)], [(40000000.0, 2.7), (80000000.0, 4.0), (20000000.0, 2.3)], [(10000000.0, 1.8), (160000000.0, 5.0), (40000000.0, 2.7)], [(80000000.0, 4.0), (160000000.0, 5.0), (10000000.0, 1.8)], [(80000000.0, 4.0), (160000000.0, 5.0), (40000000.0, 2.7)]]",0.2,"[2.2030638563375354e-10, 2.2373423061478181e-10, 2.8928951573921094e-10, 2.721251344326016e-10, 2.81451841264029e-10, 2.456953258495282e-10, 2.9449525728232854e-10, 2.1631830668795394e-10, 2.503816339763089e-10, 2.5518428878658686e-10, 2.9311967816120235e-10, 2.4067917626164264e-10, 2.538799242885177e-10, 2.937784449104234e-10, 2.4981216417024713e-10, 2.455261546294878e-10]","[0.001, 0.0007999999999999999, 0.0009, 0.0009, 0.0007999999999999999, 0.0007999999999999999, 0.0009, 0.001, 0.0007999999999999999, 0.001, 0.0007999999999999999, 0.001, 0.0007999999999999999, 0.0007999999999999999, 0.0007999999999999999, 0.0007999999999999999]",37000000000.0,0.01,"[1, 3]",0
5,iot 5,8,"[0, 0, 0, 0, 0, 0, 0, 0]","[[(40000000.0, 2.7), (80000000.0, 4.0), (10000000.0, 1.8)], [(80000000.0, 4.0), (20000000.0, 2.3), (40000000.0, 2.7)], [(40000000.0, 2.7), (20000000.0, 2.3), (160000000.0, 5.0)], [(40000000.0, 2.7), (10000000.0, 1.8), (80000000.0, 4.0)], [(20000000.0, 2.3), (160000000.0, 5.0), (40000000.0, 2.7)], [(10000000.0, 1.8), (40000000.0, 2.7), (160000000.0, 5.0)], [(20000000.0, 2.3), (40000000.0, 2.7), (10000000.0, 1.8)], [(10000000.0, 1.8), (80000000.0, 4.0), (40000000.0, 2.7)]]",0.15,"[2.236801234326224e-10, 2.6101393363381533e-10, 2.64678161583831e-10, 2.2688911849125422e-10, 2.768433225868107e-10, 2.897521289985715e-10, 2.7480522763009395e-10, 2.044621722702741e-10]","[0.0009, 0.0009, 0.0009, 0.001, 0.0007999999999999999, 0.001, 0.0007999999999999999, 0.001]",40000000000.0,0.01,"[4, 2]",0
6,iot 6,4,"[0, 0, 0, 0]","[[(10000000.0, 1.8), (80000000.0, 4.0), (160000000.0, 5.0)], [(10000000.0, 1.8), (80000000.0, 4.0), (160000000.0, 5.0)], [(40000000.0, 2.7), (80000000.0, 4.0), (160000000.0, 5.0)], [(160000000.0, 5.0), (20000000.0, 2.3), (10000000.0, 1.8)]]",0.18,"[2.537160015967945e-10, 2.435532060134797e-10, 2.1539178995017478e-10, 2.451660929557478e-10]","[0.0007999999999999999, 0.0009, 0.0009, 0.0009]",40000000000.0,0.02,"[1, 4, 2]",1
7,iot 7,16,"[0, 0, 0, 0, 0, 0, 0, 0, 0, 0, 0, 0, 0, 0, 0, 0]","[[(10000000.0, 1.8), (80000000.0, 4.0), (160000000.0, 5.0)], [(80000000.0, 4.0), (40000000.0, 2.7), (160000000.0, 5.0)], [(40000000.0, 2.7), (20000000.0, 2.3), (160000000.0, 5.0)], [(80000000.0, 4.0), (20000000.0, 2.3), (160000000.0, 5.0)], [(10000000.0, 1.8), (80000000.0, 4.0), (20000000.0, 2.3)], [(20000000.0, 2.3), (80000000.0, 4.0), (40000000.0, 2.7)], [(20000000.0, 2.3), (80000000.0, 4.0), (10000000.0, 1.8)], [(160000000.0, 5.0), (40000000.0, 2.7), (80000000.0, 4.0)], [(40000000.0, 2.7), (80000000.0, 4.0), (20000000.0, 2.3)], [(10000000.0, 1.8), (80000000.0, 4.0), (160000000.0, 5.0)], [(20000000.0, 2.3), (10000000.0, 1.8), (80000000.0, 4.0)], [(80000000.0, 4.0), (160000000.0, 5.0), (10000000.0, 1.8)], [(10000000.0, 1.8), (160000000.0, 5.0), (80000000.0, 4.0)], [(80000000.0, 4.0), (10000000.0, 1.8), (20000000.0, 2.3)], [(160000000.0, 5.0), (20000000.0, 2.3), (80000000.0, 4.0)], [(40000000.0, 2.7), (160000000.0, 5.0), (10000000.0, 1.8)]]",0.17,"[2.820090274972619e-10, 2.4538611570458653e-10, 2.182630993858198e-10, 2.0346666049249898e-10, 2.0201271360427324e-10, 2.8447639149060974e-10, 2.7613803046213387e-10, 2.7247085223932666e-10, 2.9488409376375227e-10, 2.8661715387160946e-10, 2.657609245601097e-10, 2.490926350302289e-10, 2.48010719247313e-10, 2.8878018335325324e-10, 2.056538450944119e-10, 2.8357643632632213e-10]","[0.0009, 0.0009, 0.0009, 0.001, 0.001, 0.0007999999999999999, 0.001, 0.001, 0.0009, 0.001, 0.0009, 0.0007999999999999999, 0.0007999999999999999, 0.0007999999999999999, 0.001, 0.001]",39000000000.0,0.04,"[2, 3, 4]",1
8,iot 8,16,"[0, 0, 0, 0, 0, 0, 0, 0, 0, 0, 0, 0, 0, 0, 0, 0]","[[(40000000.0, 2.7), (20000000.0, 2.3), (80000000.0, 4.0)], [(10000000.0, 1.8), (20000000.0, 2.3), (40000000.0, 2.7)], [(40000000.0, 2.7), (80000000.0, 4.0), (160000000.0, 5.0)], [(40000000.0, 2.7), (80000000.0, 4.0), (10000000.0, 1.8)], [(160000000.0, 5.0), (10000000.0, 1.8), (40000000.0, 2.7)], [(20000000.0, 2.3), (80000000.0, 4.0), (160000000.0, 5.0)], [(80000000.0, 4.0), (160000000.0, 5.0), (10000000.0, 1.8)], [(40000000.0, 2.7), (160000000.0, 5.0), (80000000.0, 4.0)], [(20000000.0, 2.3), (10000000.0, 1.8), (80000000.0, 4.0)], [(20000000.0, 2.3), (80000000.0, 4.0), (160000000.0, 5.0)], [(40000000.0, 2.7), (20000000.0, 2.3), (10000000.0, 1.8)], [(20000000.0, 2.3), (10000000.0, 1.8), (160000000.0, 5.0)], [(40000000.0, 2.7), (160000000.0, 5.0), (10000000.0, 1.8)], [(160000000.0, 5.0), (80000000.0, 4.0), (40000000.0, 2.7)], [(40000000.0, 2.7), (160000000.0, 5.0), (20000000.0, 2.3)], [(160000000.0, 5.0), (80000000.0, 4.0), (20000000.0, 2.3)]]",0.19,"[2.7464677936926626e-10, 2.1031763652582156e-10, 2.6381020767223155e-10, 2.22014102548429e-10, 2.870649335980472e-10, 2.826221959676494e-10, 2.0756549020795722e-10, 2.2857934062793675e-10, 2.9588380822283614e-10, 2.5164313299514103e-10, 2.6076906452561346e-10, 2.4083987368977867e-10, 2.2163272534343283e-10, 2.5373270418702964e-10, 2.5089858154773616e-10, 2.7943659914929005e-10]","[0.0009, 0.001, 0.0009, 0.0009, 0.001, 0.0007999999999999999, 0.0009, 0.0007999999999999999, 0.001, 0.0009, 0.0007999999999999999, 0.0007999999999999999, 0.001, 0.0007999999999999999, 0.0007999999999999999, 0.001]",37000000000.0,0.05,"[2, 3, 4]",1
9,iot 9,16,"[0, 0, 0, 0, 0, 0, 0, 0, 0, 0, 0, 0, 0, 0, 0, 0]","[[(160000000.0, 5.0), (20000000.0, 2.3), (10000000.0, 1.8)], [(40000000.0, 2.7), (80000000.0, 4.0), (20000000.0, 2.3)], [(10000000.0, 1.8), (80000000.0, 4.0), (20000000.0, 2.3)], [(20000000.0, 2.3), (160000000.0, 5.0), (40000000.0, 2.7)], [(10000000.0, 1.8), (80000000.0, 4.0), (160000000.0, 5.0)], [(80000000.0, 4.0), (10000000.0, 1.8), (160000000.0, 5.0)], [(40000000.0, 2.7), (160000000.0, 5.0), (80000000.0, 4.0)], [(160000000.0, 5.0), (10000000.0, 1.8), (40000000.0, 2.7)], [(160000000.0, 5.0), (10000000.0, 1.8), (20000000.0, 2.3)], [(160000000.0, 5.0), (80000000.0, 4.0), (20000000.0, 2.3)], [(20000000.0, 2.3), (40000000.0, 2.7), (160000000.0, 5.0)], [(40000000.0, 2.7), (10000000.0, 1.8), (80000000.0, 4.0)], [(10000000.0, 1.8), (20000000.0, 2.3), (40000000.0, 2.7)], [(160000000.0, 5.0), (40000000.0, 2.7), (80000000.0, 4.0)], [(80000000.0, 4.0), (10000000.0, 1.8), (20000000.0, 2.3)], [(40000000.0, 2.7), (10000000.0, 1.8), (20000000.0, 2.3)]]",0.11,"[2.0076015214055243e-10, 2.502162219356216e-10, 2.790564233339094e-10, 2.2103034990127718e-10, 2.092338643635939e-10, 2.5517683230804565e-10, 2.813913725821313e-10, 2.2423855056375543e-10, 2.705414973314285e-10, 2.137269747306185e-10, 2.8966932200476203e-10, 2.29222561686187e-10, 2.233616757033625e-10, 2.020947990724023e-10, 2.2918284964096332e-10, 2.349185351589413e-10]","[0.0007999999999999999, 0.0007999999999999999, 0.001, 0.0007999999999999999, 0.0009, 0.0009, 0.0009, 0.0007999999999999999, 0.0009, 0.0007999999999999999, 0.001, 0.0007999999999999999, 0.0009, 0.0009, 0.0007999999999999999, 0.0007999999999999999]",36000000000.0,0.03,"[4, 2]",0
10,mec 0,32,"[0, 0, 0, 0, 0, 0, 0, 0, 0, 0, 0, 0, 0, 0, 0, 0, 0, 0, 0, 0, 0, 0, 0, 0, 0, 0, 0, 0, 0, 0, 0, 0]","[[(750000000.0, 0.825), (1500000000.0, 1.2), (600000000.0, 0.8)], [(600000000.0, 0.8), (1000000000.0, 1.0), (750000000.0, 0.825)], [(750000000.0, 0.825), (1000000000.0, 1.0), (1500000000.0, 1.2)], [(750000000.0, 0.825), (1000000000.0, 1.0), (600000000.0, 0.8)], [(750000000.0, 0.825), (1500000000.0, 1.2), (600000000.0, 0.8)], [(750000000.0, 0.825), (1000000000.0, 1.0), (1500000000.0, 1.2)], [(600000000.0, 0.8), (750000000.0, 0.825), (1000000000.0, 1.0)], [(750000000.0, 0.825), (1000000000.0, 1.0), (600000000.0, 0.8)], [(1500000000.0, 1.2), (1000000000.0, 1.0), (750000000.0, 0.825)], [(750000000.0, 0.825), (1500000000.0, 1.2), (1000000000.0, 1.0)], [(1000000000.0, 1.0), (600000000.0, 0.8), (1500000000.0, 1.2)], [(750000000.0, 0.825), (600000000.0, 0.8), (1500000000.0, 1.2)], [(750000000.0, 0.825), (1500000000.0, 1.2), (1000000000.0, 1.0)], [(600000000.0, 0.8), (1500000000.0, 1.2), (750000000.0, 0.825)], [(1500000000.0, 1.2), (750000000.0, 0.825), (1000000000.0, 1.0)], [(1000000000.0, 1.0), (1500000000.0, 1.2), (750000000.0, 0.825)], [(1500000000.0, 1.2), (750000000.0, 0.825), (1000000000.0, 1.0)], [(600000000.0, 0.8), (1500000000.0, 1.2), (750000000.0, 0.825)], [(600000000.0, 0.8), (1000000000.0, 1.0), (750000000.0, 0.825)], [(1500000000.0, 1.2), (600000000.0, 0.8), (1000000000.0, 1.0)], [(1000000000.0, 1.0), (750000000.0, 0.825), (1500000000.0, 1.2)], [(1000000000.0, 1.0), (600000000.0, 0.8), (750000000.0, 0.825)], [(1000000000.0, 1.0), (600000000.0, 0.8), (750000000.0, 0.825)], [(1000000000.0, 1.0), (600000000.0, 0.8), (1500000000.0, 1.2)], [(750000000.0, 0.825), (600000000.0, 0.8), (1500000000.0, 1.2)], [(600000000.0, 0.8), (1500000000.0, 1.2), (750000000.0, 0.825)], [(1500000000.0, 1.2), (600000000.0, 0.8), (1000000000.0, 1.0)], [(1500000000.0, 1.2), (1000000000.0, 1.0), (750000000.0, 0.825)], [(1500000000.0, 1.2), (600000000.0, 0.8), (1000000000.0, 1.0)], [(1000000000.0, 1.0), (750000000.0, 0.825), (1500000000.0, 1.2)], [(750000000.0, 0.825), (1000000000.0, 1.0), (600000000.0, 0.8)], [(1500000000.0, 1.2), (1000000000.0, 1.0), (600000000.0, 0.8)]]",0.0,"[1.709143198477971e-09, 1.6162497332027551e-09, 1.6602011469559547e-09, 1.5770368221264322e-09, 1.6327768862180008e-09, 1.7582930515204716e-09, 1.50192181420763e-09, 1.715303996601139e-09, 1.5249980272078418e-09, 1.6288135506513026e-09, 1.539821836297302e-09, 1.9219257596602504e-09, 1.9902423909980443e-09, 1.8213035520931214e-09, 1.525591972318497e-09, 1.9199719473468618e-09, 1.6975088423470064e-09, 1.747593082070225e-09, 1.9673013491561397e-09, 1.6509800517206716e-09, 1.9397122438410427e-09, 1.9149194637819085e-09, 1.6240178267020526e-09, 1.791585521353497e-09, 1.519325547563383e-09, 1.7349249901992498e-09, 1.6839836072036675e-09, 1.532449647165822e-09, 1.887260394623195e-09, 1.5710083747255163e-09, 1.5242040685116898e-09, 1.9050745477691805e-09]","[0.55, 0.65, 0.55, 0.65, 0.55, 0.75, 0.65, 0.65, 0.75, 0.55, 0.75, 0.55, 0.65, 0.65, 0.75, 0.55, 0.55, 0.75, 0.65, 0.55, 0.75, 0.65, 0.55, 0.65, 0.75, 0.75, 0.65, 0.55, 0.55, 0.75, 0.55, 0.55]",100.0,0.05,"[1, 3, 4]",1
11,mec 1,32,"[0, 0, 0, 0, 0, 0, 0, 0, 0, 0, 0, 0, 0, 0, 0, 0, 0, 0, 0, 0, 0, 0, 0, 0, 0, 0, 0, 0, 0, 0, 0, 0]","[[(600000000.0, 0.8), (750000000.0, 0.825), (1500000000.0, 1.2)], [(1000000000.0, 1.0), (750000000.0, 0.825), (600000000.0, 0.8)], [(1000000000.0, 1.0), (1500000000.0, 1.2), (600000000.0, 0.8)], [(600000000.0, 0.8), (1000000000.0, 1.0), (750000000.0, 0.825)], [(1000000000.0, 1.0), (600000000.0, 0.8), (750000000.0, 0.825)], [(750000000.0, 0.825), (600000000.0, 0.8), (1000000000.0, 1.0)], [(1000000000.0, 1.0), (600000000.0, 0.8), (1500000000.0, 1.2)], [(1500000000.0, 1.2), (1000000000.0, 1.0), (750000000.0, 0.825)], [(1500000000.0, 1.2), (750000000.0, 0.825), (600000000.0, 0.8)], [(1000000000.0, 1.0), (1500000000.0, 1.2), (600000000.0, 0.8)], [(750000000.0, 0.825), (1000000000.0, 1.0), (600000000.0, 0.8)], [(1500000000.0, 1.2), (600000000.0, 0.8), (750000000.0, 0.825)], [(1500000000.0, 1.2), (600000000.0, 0.8), (750000000.0, 0.825)], [(1500000000.0, 1.2), (750000000.0, 0.825), (600000000.0, 0.8)], [(600000000.0, 0.8), (1500000000.0, 1.2), (750000000.0, 0.825)], [(1500000000.0, 1.2), (1000000000.0, 1.0), (750000000.0, 0.825)], [(1500000000.0, 1.2), (750000000.0, 0.825), (600000000.0, 0.8)], [(750000000.0, 0.825), (600000000.0, 0.8), (1500000000.0, 1.2)], [(1000000000.0, 1.0), (600000000.0, 0.8), (750000000.0, 0.825)], [(750000000.0, 0.825), (600000000.0, 0.8), (1500000000.0, 1.2)], [(750000000.0, 0.825), (1000000000.0, 1.0), (1500000000.0, 1.2)], [(1000000000.0, 1.0), (1500000000.0, 1.2), (600000000.0, 0.8)], [(750000000.0, 0.825), (600000000.0, 0.8), (1500000000.0, 1.2)], [(1000000000.0, 1.0), (1500000000.0, 1.2), (600000000.0, 0.8)], [(600000000.0, 0.8), (750000000.0, 0.825), (1000000000.0, 1.0)], [(750000000.0, 0.825), (600000000.0, 0.8), (1000000000.0, 1.0)], [(600000000.0, 0.8), (1000000000.0, 1.0), (1500000000.0, 1.2)], [(750000000.0, 0.825), (1500000000.0, 1.2), (600000000.0, 0.8)], [(1000000000.0, 1.0), (600000000.0, 0.8), (1500000000.0, 1.2)], [(750000000.0, 0.825), (1000000000.0, 1.0), (600000000.0, 0.8)], [(600000000.0, 0.8), (1000000000.0, 1.0), (750000000.0, 0.825)], [(1500000000.0, 1.2), (750000000.0, 0.825), (600000000.0, 0.8)]]",0.0,"[1.6012792687021742e-09, 1.8938500130805578e-09, 1.9384531000815065e-09, 1.947010570393873e-09, 1.9434609702602776e-09, 1.9161104207502773e-09, 1.8982497242902923e-09, 1.7856463515902498e-09, 1.5599504414199116e-09, 1.9622433243981867e-09, 1.6256070590235506e-09, 1.9111003738742906e-09, 1.5160563704406188e-09, 1.769564989099268e-09, 1.8589360982222096e-09, 1.8018338136798755e-09, 1.749991897156051e-09, 1.5048801639758405e-09, 1.6209299992328587e-09, 1.534014672010547e-09, 1.8329601489376535e-09, 1.5444580920227118e-09, 1.6298833176586283e-09, 1.5358522340913873e-09, 1.9118735861628787e-09, 1.946915458395203e-09, 1.9697917178063835e-09, 1.6764519896154953e-09, 1.5408125176899197e-09, 1.7627605608373421e-09, 1.7089341405215703e-09, 1.7277198667582384e-09]","[0.65, 0.65, 0.75, 0.55, 0.55, 0.65, 0.65, 0.65, 0.75, 0.55, 0.55, 0.75, 0.55, 0.65, 0.75, 0.75, 0.75, 0.65, 0.55, 0.75, 0.65, 0.65, 0.55, 0.55, 0.65, 0.65, 0.75, 0.75, 0.75, 0.65, 0.55, 0.65]",100.0,0.07,"[3, 2]",1
12,mec 2,32,"[0, 0, 0, 0, 0, 0, 0, 0, 0, 0, 0, 0, 0, 0, 0, 0, 0, 0, 0, 0, 0, 0, 0, 0, 0, 0, 0, 0, 0, 0, 0, 0]","[[(1000000000.0, 1.0), (1500000000.0, 1.2), (600000000.0, 0.8)], [(1500000000.0, 1.2), (1000000000.0, 1.0), (600000000.0, 0.8)], [(1000000000.0, 1.0), (600000000.0, 0.8), (1500000000.0, 1.2)], [(1500000000.0, 1.2), (750000000.0, 0.825), (1000000000.0, 1.0)], [(1000000000.0, 1.0), (750000000.0, 0.825), (600000000.0, 0.8)], [(1000000000.0, 1.0), (1500000000.0, 1.2), (600000000.0, 0.8)], [(1500000000.0, 1.2), (750000000.0, 0.825), (1000000000.0, 1.0)], [(750000000.0, 0.825), (1500000000.0, 1.2), (1000000000.0, 1.0)], [(600000000.0, 0.8), (1500000000.0, 1.2), (750000000.0, 0.825)], [(1000000000.0, 1.0), (750000000.0, 0.825), (600000000.0, 0.8)], [(1500000000.0, 1.2), (750000000.0, 0.825), (600000000.0, 0.8)], [(1000000000.0, 1.0), (750000000.0, 0.825), (1500000000.0, 1.2)], [(750000000.0, 0.825), (1500000000.0, 1.2), (600000000.0, 0.8)], [(750000000.0, 0.825), (1000000000.0, 1.0), (600000000.0, 0.8)], [(1500000000.0, 1.2), (1000000000.0, 1.0), (750000000.0, 0.825)], [(1500000000.0, 1.2), (600000000.0, 0.8), (1000000000.0, 1.0)], [(600000000.0, 0.8), (1000000000.0, 1.0), (1500000000.0, 1.2)], [(750000000.0, 0.825), (1000000000.0, 1.0), (1500000000.0, 1.2)], [(750000000.0, 0.825), (600000000.0, 0.8), (1000000000.0, 1.0)], [(1500000000.0, 1.2), (750000000.0, 0.825), (600000000.0, 0.8)], [(750000000.0, 0.825), (1500000000.0, 1.2), (1000000000.0, 1.0)], [(1500000000.0, 1.2), (750000000.0, 0.825), (1000000000.0, 1.0)], [(1500000000.0, 1.2), (1000000000.0, 1.0), (750000000.0, 0.825)], [(1000000000.0, 1.0), (750000000.0, 0.825), (1500000000.0, 1.2)], [(600000000.0, 0.8), (1500000000.0, 1.2), (1000000000.0, 1.0)], [(600000000.0, 0.8), (750000000.0, 0.825), (1500000000.0, 1.2)], [(1000000000.0, 1.0), (1500000000.0, 1.2), (600000000.0, 0.8)], [(600000000.0, 0.8), (1000000000.0, 1.0), (750000000.0, 0.825)], [(750000000.0, 0.825), (600000000.0, 0.8), (1500000000.0, 1.2)], [(1000000000.0, 1.0), (1500000000.0, 1.2), (750000000.0, 0.825)], [(1000000000.0, 1.0), (1500000000.0, 1.2), (750000000.0, 0.825)], [(1000000000.0, 1.0), (1500000000.0, 1.2), (600000000.0, 0.8)]]",0.0,"[1.5696331049903544e-09, 1.5779787181729705e-09, 1.7653674622331043e-09, 1.520900051784288e-09, 1.8594045862413829e-09, 1.568301285280839e-09, 1.5193737733311243e-09, 1.6049082967027847e-09, 1.9618631957125263e-09, 1.9264142164003713e-09, 1.9207183573594746e-09, 1.8214519350655729e-09, 1.8165393891560626e-09, 1.682712907345711e-09, 1.8300047309322529e-09, 1.7682660490859955e-09, 1.9564009658352105e-09, 1.7060006798872446e-09, 1.9144878510883792e-09, 1.7496764729546855e-09, 1.8339873283045596e-09, 1.5781197639617816e-09, 1.9033723021743432e-09, 1.5320513387424045e-09, 1.94077737379032e-09, 1.799097149038852e-09, 1.6478178645266168e-09, 1.5696726896150314e-09, 1.5283211314509997e-09, 1.8342895203561827e-09, 1.649526906774356e-09, 1.7293118949580642e-09]","[0.65, 0.75, 0.75, 0.65, 0.65, 0.55, 0.65, 0.65, 0.55, 0.55, 0.75, 0.75, 0.65, 0.75, 0.55, 0.65, 0.65, 0.65, 0.65, 0.65, 0.55, 0.65, 0.65, 0.65, 0.65, 0.65, 0.65, 0.55, 0.75, 0.65, 0.55, 0.65]",100.0,0.06,"[1, 4]",1
13,mec 3,32,"[0, 0, 0, 0, 0, 0, 0, 0, 0, 0, 0, 0, 0, 0, 0, 0, 0, 0, 0, 0, 0, 0, 0, 0, 0, 0, 0, 0, 0, 0, 0, 0]","[[(1000000000.0, 1.0), (1500000000.0, 1.2), (750000000.0, 0.825)], [(1500000000.0, 1.2), (1000000000.0, 1.0), (600000000.0, 0.8)], [(600000000.0, 0.8), (1000000000.0, 1.0), (750000000.0, 0.825)], [(1000000000.0, 1.0), (750000000.0, 0.825), (600000000.0, 0.8)], [(750000000.0, 0.825), (1500000000.0, 1.2), (1000000000.0, 1.0)], [(1500000000.0, 1.2), (750000000.0, 0.825), (1000000000.0, 1.0)], [(1500000000.0, 1.2), (750000000.0, 0.825), (600000000.0, 0.8)], [(600000000.0, 0.8), (1500000000.0, 1.2), (750000000.0, 0.825)], [(1500000000.0, 1.2), (750000000.0, 0.825), (1000000000.0, 1.0)], [(1000000000.0, 1.0), (600000000.0, 0.8), (1500000000.0, 1.2)], [(1000000000.0, 1.0), (750000000.0, 0.825), (1500000000.0, 1.2)], [(600000000.0, 0.8), (1500000000.0, 1.2), (750000000.0, 0.825)], [(1000000000.0, 1.0), (600000000.0, 0.8), (1500000000.0, 1.2)], [(1500000000.0, 1.2), (750000000.0, 0.825), (600000000.0, 0.8)], [(600000000.0, 0.8), (1500000000.0, 1.2), (1000000000.0, 1.0)], [(600000000.0, 0.8), (1500000000.0, 1.2), (1000000000.0, 1.0)], [(1000000000.0, 1.0), (600000000.0, 0.8), (750000000.0, 0.825)], [(1500000000.0, 1.2), (600000000.0, 0.8), (750000000.0, 0.825)], [(750000000.0, 0.825), (600000000.0, 0.8), (1000000000.0, 1.0)], [(1500000000.0, 1.2), (750000000.0, 0.825), (1000000000.0, 1.0)], [(750000000.0, 0.825), (1500000000.0, 1.2), (600000000.0, 0.8)], [(600000000.0, 0.8), (1500000000.0, 1.2), (750000000.0, 0.825)], [(750000000.0, 0.825), (1500000000.0, 1.2), (1000000000.0, 1.0)], [(600000000.0, 0.8), (750000000.0, 0.825), (1500000000.0, 1.2)], [(1500000000.0, 1.2), (1000000000.0, 1.0), (750000000.0, 0.825)], [(750000000.0, 0.825), (1500000000.0, 1.2), (1000000000.0, 1.0)], [(1000000000.0, 1.0), (600000000.0, 0.8), (1500000000.0, 1.2)], [(600000000.0, 0.8), (750000000.0, 0.825), (1500000000.0, 1.2)], [(750000000.0, 0.825), (1000000000.0, 1.0), (600000000.0, 0.8)], [(1000000000.0, 1.0), (1500000000.0, 1.2), (750000000.0, 0.825)], [(600000000.0, 0.8), (1500000000.0, 1.2), (750000000.0, 0.825)], [(750000000.0, 0.825), (1500000000.0, 1.2), (600000000.0, 0.8)]]",0.0,"[1.554201890411372e-09, 1.7653420099920025e-09, 1.857729126718165e-09, 1.734964257684905e-09, 1.8526640781093328e-09, 1.6406661301586075e-09, 1.778512676094693e-09, 1.9521183230976636e-09, 1.6809289409250763e-09, 1.610260684203138e-09, 1.926621916064899e-09, 1.5070569853502445e-09, 1.716669329562585e-09, 1.9044624493023458e-09, 1.8834066121494857e-09, 1.9838640082957123e-09, 1.7515185861311606e-09, 1.6374295097781879e-09, 1.5509794265642397e-09, 1.922520624435967e-09, 1.625538401584883e-09, 1.76857014980626e-09, 1.5617167421662405e-09, 1.6597316118313514e-09, 1.6877161173341624e-09, 1.9582574336928727e-09, 1.7266470863833357e-09, 1.9295966797414897e-09, 1.7946753658827723e-09, 1.5638711213654466e-09, 1.6516008971760036e-09, 1.607027803060323e-09]","[0.55, 0.65, 0.75, 0.55, 0.65, 0.75, 0.75, 0.55, 0.75, 0.75, 0.65, 0.65, 0.75, 0.75, 0.65, 0.75, 0.65, 0.75, 0.75, 0.75, 0.75, 0.75, 0.65, 0.65, 0.55, 0.65, 0.75, 0.75, 0.55, 0.65, 0.65, 0.65]",100.0,0.09,"[2, 3]",0
14,mec 4,64,"[0, 0, 0, 0, 0, 0, 0, 0, 0, 0, 0, 0, 0, 0, 0, 0, 0, 0, 0, 0, 0, 0, 0, 0, 0, 0, 0, 0, 0, 0, 0, 0, 0, 0, 0, 0, 0, 0, 0, 0, 0, 0, 0, 0, 0, 0, 0, 0, 0, 0, 0, 0, 0, 0, 0, 0, 0, 0, 0, 0, 0, 0, 0, 0]","[[(1500000000.0, 1.2), (600000000.0, 0.8), (1000000000.0, 1.0)], [(1500000000.0, 1.2), (600000000.0, 0.8), (1000000000.0, 1.0)], [(750000000.0, 0.825), (600000000.0, 0.8), (1500000000.0, 1.2)], [(600000000.0, 0.8), (1000000000.0, 1.0), (750000000.0, 0.825)], [(750000000.0, 0.825), (1000000000.0, 1.0), (600000000.0, 0.8)], [(600000000.0, 0.8), (750000000.0, 0.825), (1000000000.0, 1.0)], [(750000000.0, 0.825), (1000000000.0, 1.0), (600000000.0, 0.8)], [(1500000000.0, 1.2), (750000000.0, 0.825), (600000000.0, 0.8)], [(1000000000.0, 1.0), (1500000000.0, 1.2), (750000000.0, 0.825)], [(1500000000.0, 1.2), (750000000.0, 0.825), (600000000.0, 0.8)], [(750000000.0, 0.825), (600000000.0, 0.8), (1000000000.0, 1.0)], [(1500000000.0, 1.2), (750000000.0, 0.825), (1000000000.0, 1.0)], [(750000000.0, 0.825), (1500000000.0, 1.2), (1000000000.0, 1.0)], [(1500000000.0, 1.2), (1000000000.0, 1.0), (600000000.0, 0.8)], [(600000000.0, 0.8), (750000000.0, 0.825), (1000000000.0, 1.0)], [(1000000000.0, 1.0), (750000000.0, 0.825), (600000000.0, 0.8)], [(1000000000.0, 1.0), (750000000.0, 0.825), (600000000.0, 0.8)], [(1000000000.0, 1.0), (1500000000.0, 1.2), (750000000.0, 0.825)], [(1500000000.0, 1.2), (750000000.0, 0.825), (600000000.0, 0.8)], [(750000000.0, 0.825), (1500000000.0, 1.2), (1000000000.0, 1.0)], [(1000000000.0, 1.0), (1500000000.0, 1.2), (750000000.0, 0.825)], [(1500000000.0, 1.2), (600000000.0, 0.8), (1000000000.0, 1.0)], [(750000000.0, 0.825), (1500000000.0, 1.2), (1000000000.0, 1.0)], [(1000000000.0, 1.0), (750000000.0, 0.825), (1500000000.0, 1.2)], [(1000000000.0, 1.0), (600000000.0, 0.8), (1500000000.0, 1.2)], [(750000000.0, 0.825), (600000000.0, 0.8), (1000000000.0, 1.0)], [(600000000.0, 0.8), (1000000000.0, 1.0), (1500000000.0, 1.2)], [(600000000.0, 0.8), (1500000000.0, 1.2), (750000000.0, 0.825)], [(750000000.0, 0.825), (1000000000.0, 1.0), (1500000000.0, 1.2)], [(1500000000.0, 1.2), (600000000.0, 0.8), (750000000.0, 0.825)], [(1000000000.0, 1.0), (600000000.0, 0.8), (1500000000.0, 1.2)], [(600000000.0, 0.8), (1500000000.0, 1.2), (750000000.0, 0.825)], [(1500000000.0, 1.2), (600000000.0, 0.8), (1000000000.0, 1.0)], [(750000000.0, 0.825), (1000000000.0, 1.0), (1500000000.0, 1.2)], [(600000000.0, 0.8), (1000000000.0, 1.0), (750000000.0, 0.825)], [(1500000000.0, 1.2), (750000000.0, 0.825), (600000000.0, 0.8)], [(600000000.0, 0.8), (750000000.0, 0.825), (1000000000.0, 1.0)], [(1000000000.0, 1.0), (750000000.0, 0.825), (600000000.0, 0.8)], [(1000000000.0, 1.0), (750000000.0, 0.825), (1500000000.0, 1.2)], [(1500000000.0, 1.2), (1000000000.0, 1.0), (600000000.0, 0.8)], [(1000000000.0, 1.0), (750000000.0, 0.825), (600000000.0, 0.8)], [(600000000.0, 0.8), (1000000000.0, 1.0), (750000000.0, 0.825)], [(1500000000.0, 1.2), (1000000000.0, 1.0), (600000000.0, 0.8)], [(750000000.0, 0.825), (1500000000.0, 1.2), (600000000.0, 0.8)], [(1500000000.0, 1.2), (600000000.0, 0.8), (750000000.0, 0.825)], [(750000000.0, 0.825), (600000000.0, 0.8), (1500000000.0, 1.2)], [(1500000000.0, 1.2), (750000000.0, 0.825), (1000000000.0, 1.0)], [(600000000.0, 0.8), (1500000000.0, 1.2), (1000000000.0, 1.0)], [(1000000000.0, 1.0), (750000000.0, 0.825), (1500000000.0, 1.2)], [(750000000.0, 0.825), (600000000.0, 0.8), (1000000000.0, 1.0)], [(750000000.0, 0.825), (1000000000.0, 1.0), (600000000.0, 0.8)], [(750000000.0, 0.825), (1500000000.0, 1.2), (600000000.0, 0.8)], [(750000000.0, 0.825), (1000000000.0, 1.0), (600000000.0, 0.8)], [(750000000.0, 0.825), (1000000000.0, 1.0), (600000000.0, 0.8)], [(750000000.0, 0.825), (1500000000.0, 1.2), (600000000.0, 0.8)], [(1000000000.0, 1.0), (600000000.0, 0.8), (750000000.0, 0.825)], [(600000000.0, 0.8), (1000000000.0, 1.0), (750000000.0, 0.825)], [(1500000000.0, 1.2), (750000000.0, 0.825), (600000000.0, 0.8)], [(1000000000.0, 1.0), (750000000.0, 0.825), (1500000000.0, 1.2)], [(1500000000.0, 1.2), (600000000.0, 0.8), (1000000000.0, 1.0)], [(1500000000.0, 1.2), (750000000.0, 0.825), (600000000.0, 0.8)], [(600000000.0, 0.8), (1000000000.0, 1.0), (750000000.0, 0.825)], [(600000000.0, 0.8), (1000000000.0, 1.0), (1500000000.0, 1.2)], [(750000000.0, 0.825), (1000000000.0, 1.0), (1500000000.0, 1.2)]]",0.0,"[1.877599251685517e-09, 1.9003873129172225e-09, 1.5357676391109864e-09, 1.8175493936448566e-09, 1.7373598569758505e-09, 1.6775059643270293e-09, 1.5958108243540163e-09, 1.5115836549633e-09, 1.810295637548368e-09, 1.8713139387843638e-09, 1.616971006534675e-09, 1.8048905301252976e-09, 1.8797232964431283e-09, 1.8041531233188908e-09, 1.876062658721128e-09, 1.8324623146231898e-09, 1.5412217850269969e-09, 1.8149680220528551e-09, 1.6605721032012895e-09, 1.7394610988036628e-09, 1.606670884816844e-09, 1.7928001181144722e-09, 1.5964731593614242e-09, 1.884355496381755e-09, 1.6295637237732432e-09, 1.662779696459716e-09, 1.7643584402856482e-09, 1.8705189535307865e-09, 1.7909789560494562e-09, 1.9048631292890205e-09, 1.6082306814352428e-09, 1.7840223101266628e-09, 1.880036145905813e-09, 1.8469546575103065e-09, 1.562019760894663e-09, 1.9913648902239373e-09, 1.6577492773693221e-09, 1.7642662805019275e-09, 1.658184907056917e-09, 1.7532588221188431e-09, 1.6136581501387254e-09, 1.6844156306098985e-09, 1.7000078015047107e-09, 1.6916717454940742e-09, 1.9074395745995867e-09, 1.877739572436159e-09, 1.9781035683735913e-09, 1.927277472986146e-09, 1.6093699081708102e-09, 1.9255319257382503e-09, 1.5901809074214012e-09, 1.5013495788823228e-09, 1.6110466903135969e-09, 1.616222355876924e-09, 1.5798204494076927e-09, 1.6191775777779414e-09, 1.897601859721831e-09, 1.9017393911062553e-09, 1.665694499036026e-09, 1.568885433721921e-09, 1.6530855107138335e-09, 1.9108069991490584e-09, 1.643349345715557e-09, 1.5585244339500757e-09]","[0.55, 0.65, 0.75, 0.75, 0.55, 0.55, 0.75, 0.75, 0.55, 0.75, 0.75, 0.75, 0.55, 0.75, 0.65, 0.55, 0.75, 0.75, 0.75, 0.65, 0.75, 0.75, 0.75, 0.65, 0.75, 0.55, 0.65, 0.75, 0.55, 0.65, 0.75, 0.55, 0.75, 0.75, 0.75, 0.65, 0.55, 0.65, 0.65, 0.55, 0.75, 0.75, 0.65, 0.55, 0.55, 0.55, 0.55, 0.75, 0.65, 0.65, 0.65, 0.55, 0.55, 0.65, 0.75, 0.65, 0.75, 0.75, 0.55, 0.75, 0.65, 0.55, 0.75, 0.75]",100.0,0.09,"[1, 4]",0
15,cloud,1,[0],"[2800000000.0, 3900000000.0]",0.0,"(13.85, 24.28)",0,100.0,0.1,"[1, 2, 3, 4]",0
