Setup,Learning Mode,Punishment,Alpha,Beta,Task Converge,Task Fail Percentage,Safe Converge,Safe Fail Percentage,Average Time,Last Epoch Time,Average Energy,Last Epoch Energy,Average Reward,Last Epoch Reward,Average Loss,Last Epoch Loss,First 10 Avg Time,Mid 10 Avg Time,Last 10 Avg Time,First 10 Avg Energy,Mid 10 Avg Energy,Last 10 Avg Energy,First 10 Avg Reward,Mid 10 Avg Reward,Last 10 Avg Reward,First 10 Avg Loss,Mid 10 Avg Loss,Last 10 Avg Loss,"First 10 (total, task, safe) Fail","Mid 10 (total, task, safe) Fail","Last 10 (total, task, safe) Fail"
1,0,1,1,1,11,0.5148514851485149,27,0.0297029702970297,0.1012648571428571,0.1862071428571428,0.0387803172936376,0.0355146084994711,0.5699548255635052,-0.221721751356614,tensor(-0.0727),-0.1228282675147056,0.0773288095238095,0.1079788095238094,0.0994744444444444,0.0412052751216328,0.0388955517117937,0.0389096329291273,0.9814659153545576,0.7531256387643969,0.6505048115153171,0.0001679624390817,-0.1363203410524875,-0.0715957169884657,0.09,0.1,0.0780219780219779
1,0,1,1,1,11,0.5148514851485149,27,0.0297029702970297,0.1012648571428571,0.1862071428571428,0.0387803172936376,0.0355146084994711,0.5699548255635052,-0.221721751356614,tensor(-0.0727),-0.1228282675147056,0.0773288095238095,0.1079788095238094,0.0994744444444444,0.0412052751216328,0.0388955517117937,0.0389096329291273,0.9814659153545576,0.7531256387643969,0.6505048115153171,0.0001679624390817,-0.1363203410524875,-0.0715957169884657,0.09,0.09,0.0747252747252746
1,0,1,1,1,11,0.5148514851485149,27,0.0297029702970297,0.1012648571428571,0.1862071428571428,0.0387803172936376,0.0355146084994711,0.5699548255635052,-0.221721751356614,tensor(-0.0727),-0.1228282675147056,0.0773288095238095,0.1079788095238094,0.0994744444444444,0.0412052751216328,0.0388955517117937,0.0389096329291273,0.9814659153545576,0.7531256387643969,0.6505048115153171,0.0001679624390817,-0.1363203410524875,-0.0715957169884657,0.0,0.01,0.0032967032967032
1,0,1,1,1,1,0.5148514851485149,10,0.0495049504950495,0.1032680833333333,0.1614166666666666,0.0383811498622934,0.029430034152631,0.7183507668043732,-0.1908467008192977,tensor(-0.0916),-0.0955923050642013,0.1016248809523809,0.0859059523809523,0.1005749867724867,0.037617216128482,0.0412752302235358,0.0389418925786552,0.7607579029191369,1.172818817395512,0.7382608984266358,0.0234907381411176,-0.1822026174515486,-0.0829970635098612,0.09,0.13,0.0868131868131868
1,0,1,1,1,1,0.5148514851485149,10,0.0495049504950495,0.1032680833333333,0.1614166666666666,0.0383811498622934,0.029430034152631,0.7183507668043732,-0.1908467008192977,tensor(-0.0916),-0.0955923050642013,0.1016248809523809,0.0859059523809523,0.1005749867724867,0.037617216128482,0.0412752302235358,0.0389418925786552,0.7607579029191369,1.172818817395512,0.7382608984266358,0.0234907381411176,-0.1822026174515486,-0.0829970635098612,0.09,0.13,0.0802197802197802
1,0,1,1,1,1,0.5148514851485149,10,0.0495049504950495,0.1032680833333333,0.1614166666666666,0.0383811498622934,0.029430034152631,0.7183507668043732,-0.1908467008192977,tensor(-0.0916),-0.0955923050642013,0.1016248809523809,0.0859059523809523,0.1005749867724867,0.037617216128482,0.0412752302235358,0.0389418925786552,0.7607579029191369,1.172818817395512,0.7382608984266358,0.0234907381411176,-0.1822026174515486,-0.0829970635098612,0.0,0.0,0.0065934065934065
1,1,1,1,1,0,0.594059405940594,5,0.0396039603960396,0.1051327857142856,0.1393749999999999,0.0391111151613409,0.026554241454247,0.7257560991243733,1.8340707585457523,tensor(-0.0356),-0.1944694072008133,0.0952185714285714,0.1106036904761904,0.1062052116402116,0.0399476170036137,0.0395438891196738,0.0396111209105247,1.0648338115678149,0.5498524204041356,0.6764058896714858,0.0003814760653767,-0.039298469480127,-0.0257484918912976,0.1,0.06,0.0813186813186813
1,1,1,1,1,0,0.594059405940594,5,0.0396039603960396,0.1051327857142856,0.1393749999999999,0.0391111151613409,0.026554241454247,0.7257560991243733,1.8340707585457523,tensor(-0.0356),-0.1944694072008133,0.0952185714285714,0.1106036904761904,0.1062052116402116,0.0399476170036137,0.0395438891196738,0.0396111209105247,1.0648338115678149,0.5498524204041356,0.6764058896714858,0.0003814760653767,-0.039298469480127,-0.0257484918912976,0.1,0.05,0.078021978021978
1,1,1,1,1,0,0.594059405940594,5,0.0396039603960396,0.1051327857142856,0.1393749999999999,0.0391111151613409,0.026554241454247,0.7257560991243733,1.8340707585457523,tensor(-0.0356),-0.1944694072008133,0.0952185714285714,0.1106036904761904,0.1062052116402116,0.0399476170036137,0.0395438891196738,0.0396111209105247,1.0648338115678149,0.5498524204041356,0.6764058896714858,0.0003814760653767,-0.039298469480127,-0.0257484918912976,0.0,0.01,0.0032967032967032
1,2,1,1,1,1,0.5445544554455446,7,0.0396039603960396,0.0974712976190476,0.0589571428571428,0.0419060045932433,0.0823457422873965,0.7206226977877089,-0.1413028851445394,tensor(-0.0307),-0.0067639090120792,0.0961142857142857,0.0945203571428571,0.0984059126984127,0.0437094005062314,0.0360180746058071,0.041258281301008,0.5601763137794828,0.4694615682513356,0.7158913615561349,0.0005391697399318,-0.0356893454911187,-0.0276312495012664,0.0699999999999999,0.06,0.0846153846153846
1,2,1,1,1,1,0.5445544554455446,7,0.0396039603960396,0.0974712976190476,0.0589571428571428,0.0419060045932433,0.0823457422873965,0.7206226977877089,-0.1413028851445394,tensor(-0.0307),-0.0067639090120792,0.0961142857142857,0.0945203571428571,0.0984059126984127,0.0437094005062314,0.0360180746058071,0.041258281301008,0.5601763137794828,0.4694615682513356,0.7158913615561349,0.0005391697399318,-0.0356893454911187,-0.0276312495012664,0.0699999999999999,0.06,0.0813186813186813
1,2,1,1,1,1,0.5445544554455446,7,0.0396039603960396,0.0974712976190476,0.0589571428571428,0.0419060045932433,0.0823457422873965,0.7206226977877089,-0.1413028851445394,tensor(-0.0307),-0.0067639090120792,0.0961142857142857,0.0945203571428571,0.0984059126984127,0.0437094005062314,0.0360180746058071,0.041258281301008,0.5601763137794828,0.4694615682513356,0.7158913615561349,0.0005391697399318,-0.0356893454911187,-0.0276312495012664,0.0,0.0,0.0032967032967032
1,0,1,1,1,0,0.4851485148514851,3,0.0495049504950495,0.1052396428571428,0.0681666666666666,0.0395414155726347,0.0309258801073022,0.5252189415702225,0.9009074532260312,tensor(-0.0512),-0.0539916530251503,0.1031079761904762,0.1021394047619047,0.1051042724867724,0.0451514046281306,0.038180098734177,0.0391435567424837,0.4517406191813932,0.3596804965039182,0.5557521707707438,0.0115129769212217,-0.0418339930009096,-0.047655379750035,0.06,0.06,0.0692307692307692
1,0,1,1,1,0,0.4851485148514851,3,0.0495049504950495,0.1052396428571428,0.0681666666666666,0.0395414155726347,0.0309258801073022,0.5252189415702225,0.9009074532260312,tensor(-0.0512),-0.0539916530251503,0.1031079761904762,0.1021394047619047,0.1051042724867724,0.0451514046281306,0.038180098734177,0.0391435567424837,0.4517406191813932,0.3596804965039182,0.5557521707707438,0.0115129769212217,-0.0418339930009096,-0.047655379750035,0.05,0.06,0.0648351648351648
1,0,1,1,1,0,0.4851485148514851,3,0.0495049504950495,0.1052396428571428,0.0681666666666666,0.0395414155726347,0.0309258801073022,0.5252189415702225,0.9009074532260312,tensor(-0.0512),-0.0539916530251503,0.1031079761904762,0.1021394047619047,0.1051042724867724,0.0451514046281306,0.038180098734177,0.0391435567424837,0.4517406191813932,0.3596804965039182,0.5557521707707438,0.0115129769212217,-0.0418339930009096,-0.047655379750035,0.01,0.0,0.0043956043956043
1,1,1,1,1,1,0.5247524752475248,70,0.0198019801980198,0.1039233333333333,0.1029154761904762,0.0405044239794255,0.0598261912747953,0.645572242687241,-0.1627416674652715,tensor(-0.0334),-0.0215595606714487,0.0957807142857142,0.1082288095238095,0.1029391666666666,0.0414054481526106,0.036434562673657,0.0412124502328293,0.8628138375616752,0.3553366278025334,0.6447372719893929,-0.0005855809926288,-0.0383302889531478,-0.0286824170736104,0.1,0.06,0.0780219780219779
1,1,1,1,1,1,0.5247524752475248,70,0.0198019801980198,0.1039233333333333,0.1029154761904762,0.0405044239794255,0.0598261912747953,0.645572242687241,-0.1627416674652715,tensor(-0.0334),-0.0215595606714487,0.0957807142857142,0.1082288095238095,0.1029391666666666,0.0414054481526106,0.036434562673657,0.0412124502328293,0.8628138375616752,0.3553366278025334,0.6447372719893929,-0.0005855809926288,-0.0383302889531478,-0.0286824170736104,0.1,0.06,0.0747252747252746
1,1,1,1,1,1,0.5247524752475248,70,0.0198019801980198,0.1039233333333333,0.1029154761904762,0.0405044239794255,0.0598261912747953,0.645572242687241,-0.1627416674652715,tensor(-0.0334),-0.0215595606714487,0.0957807142857142,0.1082288095238095,0.1029391666666666,0.0414054481526106,0.036434562673657,0.0412124502328293,0.8628138375616752,0.3553366278025334,0.6447372719893929,-0.0005855809926288,-0.0383302889531478,-0.0286824170736104,0.0,0.0,0.0032967032967032
1,2,1,1,1,2,0.6039603960396039,46,0.0495049504950495,0.1090905595238095,0.1994166666666666,0.0371179910487773,0.0256270657277714,0.7437914494274134,-0.2250437323944381,tensor(-0.0327),-0.0360602363944053,0.1087519047619047,0.0930308333333333,0.1074520634920634,0.0318186409107646,0.044907936997593,0.036300868237487,0.7594294543273306,0.4620612296690736,0.7895804016037827,0.0015161127897954,-0.039982216595672,-0.0309202379327366,0.08,0.06,0.0923076923076922
1,2,1,1,1,2,0.6039603960396039,46,0.0495049504950495,0.1090905595238095,0.1994166666666666,0.0371179910487773,0.0256270657277714,0.7437914494274134,-0.2250437323944381,tensor(-0.0327),-0.0360602363944053,0.1087519047619047,0.0930308333333333,0.1074520634920634,0.0318186409107646,0.044907936997593,0.036300868237487,0.7594294543273306,0.4620612296690736,0.7895804016037827,0.0015161127897954,-0.039982216595672,-0.0309202379327366,0.06,0.05,0.0868131868131867
1,2,1,1,1,2,0.6039603960396039,46,0.0495049504950495,0.1090905595238095,0.1994166666666666,0.0371179910487773,0.0256270657277714,0.7437914494274134,-0.2250437323944381,tensor(-0.0327),-0.0360602363944053,0.1087519047619047,0.0930308333333333,0.1074520634920634,0.0318186409107646,0.044907936997593,0.036300868237487,0.7594294543273306,0.4620612296690736,0.7895804016037827,0.0015161127897954,-0.039982216595672,-0.0309202379327366,0.02,0.01,0.0054945054945054
1,0,1,1,1,0,0.5643564356435643,13,0.0198019801980198,0.100743119047619,0.0961249999999999,0.0352634173142551,0.0283103194865427,0.593993463638126,0.8755646805134571,tensor(-0.0680),-0.2594678997993469,0.1189769047619047,0.0813727380952381,0.0998576455026455,0.0340770396740517,0.0399371960625678,0.0358124650177054,0.6469460555640436,0.5786900658421941,0.6198854450352046,0.0125308353250147,-0.0734177520498633,-0.0623784509846397,0.06,0.07,0.0747252747252746
1,0,1,1,1,0,0.5643564356435643,13,0.0198019801980198,0.100743119047619,0.0961249999999999,0.0352634173142551,0.0283103194865427,0.593993463638126,0.8755646805134571,tensor(-0.0680),-0.2594678997993469,0.1189769047619047,0.0813727380952381,0.0998576455026455,0.0340770396740517,0.0399371960625678,0.0358124650177054,0.6469460555640436,0.5786900658421941,0.6198854450352046,0.0125308353250147,-0.0734177520498633,-0.0623784509846397,0.05,0.07,0.0725274725274724
1,0,1,1,1,0,0.5643564356435643,13,0.0198019801980198,0.100743119047619,0.0961249999999999,0.0352634173142551,0.0283103194865427,0.593993463638126,0.8755646805134571,tensor(-0.0680),-0.2594678997993469,0.1189769047619047,0.0813727380952381,0.0998576455026455,0.0340770396740517,0.0399371960625678,0.0358124650177054,0.6469460555640436,0.5786900658421941,0.6198854450352046,0.0125308353250147,-0.0734177520498633,-0.0623784509846397,0.01,0.0,0.0021978021978021
1,1,1,1,1,0,0.6435643564356436,15,0.0693069306930693,0.0947865476190476,0.0271452380952381,0.0407736341219952,0.0688408427659939,0.8344398182589576,0.9040139191387684,tensor(-0.0312),-0.1421310007572174,0.1081289285714285,0.0797329761904761,0.0957781613756614,0.0376861636075092,0.0417143843636057,0.040511298968735,0.954184907821062,0.978552639445918,0.7859327618778258,0.0021761191092082,-0.0136774072423577,-0.0217656036669116,0.0999999999999999,0.13,0.0912087912087911
1,1,1,1,1,0,0.6435643564356436,15,0.0693069306930693,0.0947865476190476,0.0271452380952381,0.0407736341219952,0.0688408427659939,0.8344398182589576,0.9040139191387684,tensor(-0.0312),-0.1421310007572174,0.1081289285714285,0.0797329761904761,0.0957781613756614,0.0376861636075092,0.0417143843636057,0.040511298968735,0.954184907821062,0.978552639445918,0.7859327618778258,0.0021761191092082,-0.0136774072423577,-0.0217656036669116,0.08,0.13,0.0835164835164834
1,1,1,1,1,0,0.6435643564356436,15,0.0693069306930693,0.0947865476190476,0.0271452380952381,0.0407736341219952,0.0688408427659939,0.8344398182589576,0.9040139191387684,tensor(-0.0312),-0.1421310007572174,0.1081289285714285,0.0797329761904761,0.0957781613756614,0.0376861636075092,0.0417143843636057,0.040511298968735,0.954184907821062,0.978552639445918,0.7859327618778258,0.0021761191092082,-0.0136774072423577,-0.0217656036669116,0.02,0.0,0.0076923076923076
0,0,10,1,1,0,0.594059405940594,76,0.0099009900990099,0.1030369404761905,0.041395238095238,0.0395821212794999,0.0489757819107631,0.0,0.0,tensor(0.),0.0,0.108122619047619,0.0926579761904762,0.1036371560846561,0.0406244656241321,0.0447003892497443,0.0393465655358692,0.0,0.0,0.0,0.0,0.0,0.0,0.08,0.04,0.1032967032967032
0,0,10,1,1,0,0.594059405940594,76,0.0099009900990099,0.1030369404761905,0.041395238095238,0.0395821212794999,0.0489757819107631,0.0,0.0,tensor(0.),0.0,0.108122619047619,0.0926579761904762,0.1036371560846561,0.0406244656241321,0.0447003892497443,0.0393465655358692,0.0,0.0,0.0,0.0,0.0,0.0,0.08,0.04,0.1021978021978021
0,0,10,1,1,0,0.594059405940594,76,0.0099009900990099,0.1030369404761905,0.041395238095238,0.0395821212794999,0.0489757819107631,0.0,0.0,tensor(0.),0.0,0.108122619047619,0.0926579761904762,0.1036371560846561,0.0406244656241321,0.0447003892497443,0.0393465655358692,0.0,0.0,0.0,0.0,0.0,0.0,0.0,0.0,0.001098901098901
0,1,10,1,1,2,0.6237623762376238,79,0.0099009900990099,0.0975821785714285,0.1209583333333333,0.0402196934320539,0.0286274644904321,0.0,0.0,tensor(0.),0.0,0.1007329761904761,0.0783040476190476,0.098756865079365,0.0384070399693575,0.0469830826370305,0.0400824484279516,0.0,0.0,0.0,0.0,0.0,0.0,0.12,0.12,0.0945054945054944
0,1,10,1,1,2,0.6237623762376238,79,0.0099009900990099,0.0975821785714285,0.1209583333333333,0.0402196934320539,0.0286274644904321,0.0,0.0,tensor(0.),0.0,0.1007329761904761,0.0783040476190476,0.098756865079365,0.0384070399693575,0.0469830826370305,0.0400824484279516,0.0,0.0,0.0,0.0,0.0,0.0,0.12,0.12,0.0934065934065933
0,1,10,1,1,2,0.6237623762376238,79,0.0099009900990099,0.0975821785714285,0.1209583333333333,0.0402196934320539,0.0286274644904321,0.0,0.0,tensor(0.),0.0,0.1007329761904761,0.0783040476190476,0.098756865079365,0.0384070399693575,0.0469830826370305,0.0400824484279516,0.0,0.0,0.0,0.0,0.0,0.0,0.0,0.0,0.001098901098901
0,2,10,1,1,0,0.6336633663366337,53,0.0495049504950495,0.0944877619047619,0.0414166666666666,0.0417170625583937,0.0419978383696183,0.0,0.0,tensor(0.),0.0,0.1140894047619047,0.0853433333333333,0.0948380423280423,0.0368028521736255,0.0424576123144131,0.0427492313269195,0.0,0.0,0.0,0.0,0.0,0.0,0.0699999999999999,0.0799999999999999,0.0956043956043955
0,2,10,1,1,0,0.6336633663366337,53,0.0495049504950495,0.0944877619047619,0.0414166666666666,0.0417170625583937,0.0419978383696183,0.0,0.0,tensor(0.),0.0,0.1140894047619047,0.0853433333333333,0.0948380423280423,0.0368028521736255,0.0424576123144131,0.0427492313269195,0.0,0.0,0.0,0.0,0.0,0.0,0.0699999999999999,0.0799999999999999,0.09010989010989
0,2,10,1,1,0,0.6336633663366337,53,0.0495049504950495,0.0944877619047619,0.0414166666666666,0.0417170625583937,0.0419978383696183,0.0,0.0,tensor(0.),0.0,0.1140894047619047,0.0853433333333333,0.0948380423280423,0.0368028521736255,0.0424576123144131,0.0427492313269195,0.0,0.0,0.0,0.0,0.0,0.0,0.0,0.0,0.0054945054945054
0,0,100,1,1,0,0.6237623762376238,24,0.0594059405940594,0.1009063333333333,0.0738952380952381,0.0383345277800977,0.0299478403182177,0.0,0.0,tensor(0.),0.0,0.0959039285714285,0.1020246428571428,0.1009119444444444,0.0311290661022854,0.0373101431963891,0.0378720903037568,0.0,0.0,0.0,0.0,0.0,0.0,0.1299999999999999,0.1099999999999999,0.1054945054945054
0,0,100,1,1,0,0.6237623762376238,24,0.0594059405940594,0.1009063333333333,0.0738952380952381,0.0383345277800977,0.0299478403182177,0.0,0.0,tensor(0.),0.0,0.0959039285714285,0.1020246428571428,0.1009119444444444,0.0311290661022854,0.0373101431963891,0.0378720903037568,0.0,0.0,0.0,0.0,0.0,0.0,0.12,0.1,0.0989010989010988
0,0,100,1,1,0,0.6237623762376238,24,0.0594059405940594,0.1009063333333333,0.0738952380952381,0.0383345277800977,0.0299478403182177,0.0,0.0,tensor(0.),0.0,0.0959039285714285,0.1020246428571428,0.1009119444444444,0.0311290661022854,0.0373101431963891,0.0378720903037568,0.0,0.0,0.0,0.0,0.0,0.0,0.01,0.01,0.0065934065934065
0,1,100,1,1,0,0.6732673267326733,95,0.0099009900990099,0.0997444523809523,0.0986035714285714,0.039766721941708,0.037033033817579,0.0,0.0,tensor(0.),0.0,0.0996705952380952,0.0943265476190476,0.1001024735449735,0.0414068635240155,0.043297616946874,0.0389596226108236,0.0,0.0,0.0,0.0,0.0,0.0,0.06,0.1,0.112087912087912
0,1,100,1,1,0,0.6732673267326733,95,0.0099009900990099,0.0997444523809523,0.0986035714285714,0.039766721941708,0.037033033817579,0.0,0.0,tensor(0.),0.0,0.0996705952380952,0.0943265476190476,0.1001024735449735,0.0414068635240155,0.043297616946874,0.0389596226108236,0.0,0.0,0.0,0.0,0.0,0.0,0.05,0.1,0.1109890109890109
0,1,100,1,1,0,0.6732673267326733,95,0.0099009900990099,0.0997444523809523,0.0986035714285714,0.039766721941708,0.037033033817579,0.0,0.0,tensor(0.),0.0,0.0996705952380952,0.0943265476190476,0.1001024735449735,0.0414068635240155,0.043297616946874,0.0389596226108236,0.0,0.0,0.0,0.0,0.0,0.0,0.01,0.0,0.001098901098901
0,2,100,1,1,1,0.693069306930693,7,0.0297029702970297,0.0938405,0.0576452380952381,0.0405670519909162,0.0491162638308853,0.0,0.0,tensor(0.),0.0,0.0906122619047619,0.1118642857142857,0.0927244312169312,0.0379743212136358,0.0375285197887631,0.0406179968680681,0.0,0.0,0.0,0.0,0.0,0.0,0.09,0.0799999999999999,0.0999999999999999
0,2,100,1,1,1,0.693069306930693,7,0.0297029702970297,0.0938405,0.0576452380952381,0.0405670519909162,0.0491162638308853,0.0,0.0,tensor(0.),0.0,0.0906122619047619,0.1118642857142857,0.0927244312169312,0.0379743212136358,0.0375285197887631,0.0406179968680681,0.0,0.0,0.0,0.0,0.0,0.0,0.09,0.0699999999999999,0.0978021978021977
0,2,100,1,1,1,0.693069306930693,7,0.0297029702970297,0.0938405,0.0576452380952381,0.0405670519909162,0.0491162638308853,0.0,0.0,tensor(0.),0.0,0.0906122619047619,0.1118642857142857,0.0927244312169312,0.0379743212136358,0.0375285197887631,0.0406179968680681,0.0,0.0,0.0,0.0,0.0,0.0,0.0,0.01,0.0021978021978021
0,0,1000,1,1,1,0.5346534653465347,7,0.0495049504950495,0.1002805833333333,0.100145238095238,0.0389845041366111,0.0549924634920176,0.0,0.0,tensor(0.),0.0,0.1010434523809523,0.1024955952380952,0.1022747486772486,0.0426315351108929,0.0343139896165975,0.038326246134272,0.0,0.0,0.0,0.0,0.0,0.0,0.06,0.1,0.0857142857142856
0,0,1000,1,1,1,0.5346534653465347,7,0.0495049504950495,0.1002805833333333,0.100145238095238,0.0389845041366111,0.0549924634920176,0.0,0.0,tensor(0.),0.0,0.1010434523809523,0.1024955952380952,0.1022747486772486,0.0426315351108929,0.0343139896165975,0.038326246134272,0.0,0.0,0.0,0.0,0.0,0.0,0.06,0.09,0.0813186813186812
0,0,1000,1,1,1,0.5346534653465347,7,0.0495049504950495,0.1002805833333333,0.100145238095238,0.0389845041366111,0.0549924634920176,0.0,0.0,tensor(0.),0.0,0.1010434523809523,0.1024955952380952,0.1022747486772486,0.0426315351108929,0.0343139896165975,0.038326246134272,0.0,0.0,0.0,0.0,0.0,0.0,0.0,0.01,0.0043956043956043
0,1,1000,1,1,0,0.5841584158415841,82,0.0099009900990099,0.1038198095238094,0.0640833333333333,0.0419998362138316,0.0406108506770376,0.0,0.0,tensor(0.),0.0,0.1304932142857143,0.1221829761904761,0.1051306216931216,0.0402279324903213,0.0400868455821141,0.0415108613197521,0.0,0.0,0.0,0.0,0.0,0.0,0.04,0.1099999999999999,0.0989010989010988
0,1,1000,1,1,0,0.5841584158415841,82,0.0099009900990099,0.1038198095238094,0.0640833333333333,0.0419998362138316,0.0406108506770376,0.0,0.0,tensor(0.),0.0,0.1304932142857143,0.1221829761904761,0.1051306216931216,0.0402279324903213,0.0400868455821141,0.0415108613197521,0.0,0.0,0.0,0.0,0.0,0.0,0.04,0.1099999999999999,0.0978021978021977
0,1,1000,1,1,0,0.5841584158415841,82,0.0099009900990099,0.1038198095238094,0.0640833333333333,0.0419998362138316,0.0406108506770376,0.0,0.0,tensor(0.),0.0,0.1304932142857143,0.1221829761904761,0.1051306216931216,0.0402279324903213,0.0400868455821141,0.0415108613197521,0.0,0.0,0.0,0.0,0.0,0.0,0.0,0.0,0.001098901098901
0,2,1000,1,1,0,0.5445544554455446,15,0.0495049504950495,0.1040559880952381,0.0492071428571428,0.0409897552956281,0.074908067980659,0.0,0.0,tensor(0.),0.0,0.0888702380952381,0.0976371428571428,0.103922208994709,0.0417891028752616,0.0430798933676534,0.040861285772874,0.0,0.0,0.0,0.0,0.0,0.0,0.11,0.09,0.0835164835164835
0,2,1000,1,1,0,0.5445544554455446,15,0.0495049504950495,0.1040559880952381,0.0492071428571428,0.0409897552956281,0.074908067980659,0.0,0.0,tensor(0.),0.0,0.0888702380952381,0.0976371428571428,0.103922208994709,0.0417891028752616,0.0430798933676534,0.040861285772874,0.0,0.0,0.0,0.0,0.0,0.0,0.11,0.08,0.078021978021978
0,2,1000,1,1,0,0.5445544554455446,15,0.0495049504950495,0.1040559880952381,0.0492071428571428,0.0409897552956281,0.074908067980659,0.0,0.0,tensor(0.),0.0,0.0888702380952381,0.0976371428571428,0.103922208994709,0.0417891028752616,0.0430798933676534,0.040861285772874,0.0,0.0,0.0,0.0,0.0,0.0,0.0,0.01,0.0054945054945054
1,0,100,1,1,0,0.5445544554455446,6,0.0099009900990099,0.0969835833333333,0.0574785714285714,0.0416083657035556,0.0444243893341147,0.0,0.0,tensor(0.),0.0,0.0859872619047619,0.0948621428571428,0.0949165211640211,0.0413444007331269,0.0404863995789516,0.0419024772629334,0.0,0.0,0.0,0.0,0.0,0.0,0.08,0.09,0.0813186813186813
1,0,100,1,1,0,0.5445544554455446,6,0.0099009900990099,0.0969835833333333,0.0574785714285714,0.0416083657035556,0.0444243893341147,0.0,0.0,tensor(0.),0.0,0.0859872619047619,0.0948621428571428,0.0949165211640211,0.0413444007331269,0.0404863995789516,0.0419024772629334,0.0,0.0,0.0,0.0,0.0,0.0,0.08,0.09,0.0813186813186813
1,0,100,1,1,0,0.5445544554455446,6,0.0099009900990099,0.0969835833333333,0.0574785714285714,0.0416083657035556,0.0444243893341147,0.0,0.0,tensor(0.),0.0,0.0859872619047619,0.0948621428571428,0.0949165211640211,0.0413444007331269,0.0404863995789516,0.0419024772629334,0.0,0.0,0.0,0.0,0.0,0.0,0.0,0.0,0.0
1,1,100,1,1,0,0.5247524752475248,51,0.0099009900990099,0.100994857142857,0.0439166666666666,0.0403366440889215,0.0559353639766727,0.0,0.0,tensor(0.),0.0,0.1156102380952381,0.1019392857142857,0.1026332142857142,0.0362499683419464,0.0331793709345939,0.0396913278530548,0.0,0.0,0.0,0.0,0.0,0.0,0.09,0.0999999999999999,0.0846153846153845
1,1,100,1,1,0,0.5247524752475248,51,0.0099009900990099,0.100994857142857,0.0439166666666666,0.0403366440889215,0.0559353639766727,0.0,0.0,tensor(0.),0.0,0.1156102380952381,0.1019392857142857,0.1026332142857142,0.0362499683419464,0.0331793709345939,0.0396913278530548,0.0,0.0,0.0,0.0,0.0,0.0,0.09,0.0999999999999999,0.0835164835164835
1,1,100,1,1,0,0.5247524752475248,51,0.0099009900990099,0.100994857142857,0.0439166666666666,0.0403366440889215,0.0559353639766727,0.0,0.0,tensor(0.),0.0,0.1156102380952381,0.1019392857142857,0.1026332142857142,0.0362499683419464,0.0331793709345939,0.0396913278530548,0.0,0.0,0.0,0.0,0.0,0.0,0.0,0.0,0.001098901098901
1,2,100,1,1,0,0.5643564356435643,2,0.0297029702970297,0.0905318214285714,0.032020238095238,0.0395745808085554,0.0465177652609799,0.0,0.0,tensor(0.),0.0,0.0867957142857142,0.0987310714285714,0.0916312433862433,0.0400163726140652,0.0431003130947788,0.0396849600474872,0.0,0.0,0.0,0.0,0.0,0.0,0.09,0.06,0.0857142857142856
1,2,100,1,1,0,0.5643564356435643,2,0.0297029702970297,0.0905318214285714,0.032020238095238,0.0395745808085554,0.0465177652609799,0.0,0.0,tensor(0.),0.0,0.0867957142857142,0.0987310714285714,0.0916312433862433,0.0400163726140652,0.0431003130947788,0.0396849600474872,0.0,0.0,0.0,0.0,0.0,0.0,0.0799999999999999,0.06,0.0835164835164834
1,2,100,1,1,0,0.5643564356435643,2,0.0297029702970297,0.0905318214285714,0.032020238095238,0.0395745808085554,0.0465177652609799,0.0,0.0,tensor(0.),0.0,0.0867957142857142,0.0987310714285714,0.0916312433862433,0.0400163726140652,0.0431003130947788,0.0396849600474872,0.0,0.0,0.0,0.0,0.0,0.0,0.01,0.0,0.0021978021978021
0,0,10,1,1,3,0.6534653465346535,15,0.0297029702970297,0.0968305119047618,0.0414369047619047,0.0386744507953378,0.0601779205675892,0.0,0.0,tensor(0.),0.0,0.0820289285714285,0.0867790476190476,0.0977131216931217,0.0370696074091039,0.0353068213312561,0.0383606409344785,0.0,0.0,0.0,0.0,0.0,0.0,0.16,0.13,0.112087912087912
0,0,10,1,1,3,0.6534653465346535,15,0.0297029702970297,0.0968305119047618,0.0414369047619047,0.0386744507953378,0.0601779205675892,0.0,0.0,tensor(0.),0.0,0.0820289285714285,0.0867790476190476,0.0977131216931217,0.0370696074091039,0.0353068213312561,0.0383606409344785,0.0,0.0,0.0,0.0,0.0,0.0,0.16,0.13,0.1087912087912087
0,0,10,1,1,3,0.6534653465346535,15,0.0297029702970297,0.0968305119047618,0.0414369047619047,0.0386744507953378,0.0601779205675892,0.0,0.0,tensor(0.),0.0,0.0820289285714285,0.0867790476190476,0.0977131216931217,0.0370696074091039,0.0353068213312561,0.0383606409344785,0.0,0.0,0.0,0.0,0.0,0.0,0.0,0.0,0.0032967032967032
0,1,10,1,1,1,0.5148514851485149,68,0.0099009900990099,0.0999859166666666,0.2426666666666666,0.0427218772845525,0.0238320616596516,0.0,0.0,tensor(0.),0.0,0.0945684523809523,0.1053142857142857,0.0980711904761904,0.0451723695425574,0.0376884679247113,0.0429933541695195,0.0,0.0,0.0,0.0,0.0,0.0,0.05,0.1099999999999999,0.0769230769230769
0,1,10,1,1,1,0.5148514851485149,68,0.0099009900990099,0.0999859166666666,0.2426666666666666,0.0427218772845525,0.0238320616596516,0.0,0.0,tensor(0.),0.0,0.0945684523809523,0.1053142857142857,0.0980711904761904,0.0451723695425574,0.0376884679247113,0.0429933541695195,0.0,0.0,0.0,0.0,0.0,0.0,0.05,0.1099999999999999,0.0758241758241758
0,1,10,1,1,1,0.5148514851485149,68,0.0099009900990099,0.0999859166666666,0.2426666666666666,0.0427218772845525,0.0238320616596516,0.0,0.0,tensor(0.),0.0,0.0945684523809523,0.1053142857142857,0.0980711904761904,0.0451723695425574,0.0376884679247113,0.0429933541695195,0.0,0.0,0.0,0.0,0.0,0.0,0.0,0.0,0.001098901098901
0,2,10,1,1,1,0.6138613861386139,15,0.0198019801980198,0.1086888214285714,0.086,0.0377298899941721,0.0443924246837041,0.0,0.0,tensor(0.),0.0,0.1133995238095238,0.1112245238095238,0.1081762698412698,0.0380640247739853,0.0380167251514674,0.0379538904912578,0.0,0.0,0.0,0.0,0.0,0.0,0.05,0.11,0.0835164835164834
0,2,10,1,1,1,0.6138613861386139,15,0.0198019801980198,0.1086888214285714,0.086,0.0377298899941721,0.0443924246837041,0.0,0.0,tensor(0.),0.0,0.1133995238095238,0.1112245238095238,0.1081762698412698,0.0380640247739853,0.0380167251514674,0.0379538904912578,0.0,0.0,0.0,0.0,0.0,0.0,0.05,0.11,0.0813186813186812
0,2,10,1,1,1,0.6138613861386139,15,0.0198019801980198,0.1086888214285714,0.086,0.0377298899941721,0.0443924246837041,0.0,0.0,tensor(0.),0.0,0.1133995238095238,0.1112245238095238,0.1081762698412698,0.0380640247739853,0.0380167251514674,0.0379538904912578,0.0,0.0,0.0,0.0,0.0,0.0,0.0,0.0,0.0021978021978021
0,0,100,1,1,1,0.594059405940594,32,0.0099009900990099,0.0986440595238095,0.1228333333333333,0.0393543878152304,0.0439209370206393,0.0,0.0,tensor(0.),0.0,0.1060352380952381,0.0891328571428571,0.0993737566137566,0.0374442763510319,0.045055674244458,0.038737409911823,0.0,0.0,0.0,0.0,0.0,0.0,0.04,0.13,0.0912087912087911
0,0,100,1,1,1,0.594059405940594,32,0.0099009900990099,0.0986440595238095,0.1228333333333333,0.0393543878152304,0.0439209370206393,0.0,0.0,tensor(0.),0.0,0.1060352380952381,0.0891328571428571,0.0993737566137566,0.0374442763510319,0.045055674244458,0.038737409911823,0.0,0.0,0.0,0.0,0.0,0.0,0.04,0.13,0.09010989010989
0,0,100,1,1,1,0.594059405940594,32,0.0099009900990099,0.0986440595238095,0.1228333333333333,0.0393543878152304,0.0439209370206393,0.0,0.0,tensor(0.),0.0,0.1060352380952381,0.0891328571428571,0.0993737566137566,0.0374442763510319,0.045055674244458,0.038737409911823,0.0,0.0,0.0,0.0,0.0,0.0,0.0,0.0,0.001098901098901
0,1,100,1,1,0,0.6435643564356436,19,0.0396039603960396,0.09707775,0.0751238095238095,0.0404945744193903,0.0557016861801132,0.0,0.0,tensor(0.),0.0,0.1017164285714285,0.0993972619047619,0.0981813359788359,0.0374728932973607,0.0431855139453745,0.0402469450701561,0.0,0.0,0.0,0.0,0.0,0.0,0.12,0.0699999999999999,0.1054945054945054
0,1,100,1,1,0,0.6435643564356436,19,0.0396039603960396,0.09707775,0.0751238095238095,0.0404945744193903,0.0557016861801132,0.0,0.0,tensor(0.),0.0,0.1017164285714285,0.0993972619047619,0.0981813359788359,0.0374728932973607,0.0431855139453745,0.0402469450701561,0.0,0.0,0.0,0.0,0.0,0.0,0.0999999999999999,0.06,0.101098901098901
0,1,100,1,1,0,0.6435643564356436,19,0.0396039603960396,0.09707775,0.0751238095238095,0.0404945744193903,0.0557016861801132,0.0,0.0,tensor(0.),0.0,0.1017164285714285,0.0993972619047619,0.0981813359788359,0.0374728932973607,0.0431855139453745,0.0402469450701561,0.0,0.0,0.0,0.0,0.0,0.0,0.02,0.01,0.0043956043956043
0,2,100,1,1,0,0.6732673267326733,14,0.0198019801980198,0.1015548095238095,0.048145238095238,0.038414184347596,0.0503862992108805,0.0,0.0,tensor(0.),0.0,0.1102265476190476,0.1213728571428571,0.1021665079365079,0.0375124493795181,0.0303915048321907,0.0379706211674104,0.0,0.0,0.0,0.0,0.0,0.0,0.13,0.13,0.1098901098901097
0,2,100,1,1,0,0.6732673267326733,14,0.0198019801980198,0.1015548095238095,0.048145238095238,0.038414184347596,0.0503862992108805,0.0,0.0,tensor(0.),0.0,0.1102265476190476,0.1213728571428571,0.1021665079365079,0.0375124493795181,0.0303915048321907,0.0379706211674104,0.0,0.0,0.0,0.0,0.0,0.0,0.13,0.13,0.1076923076923076
0,2,100,1,1,0,0.6732673267326733,14,0.0198019801980198,0.1015548095238095,0.048145238095238,0.038414184347596,0.0503862992108805,0.0,0.0,tensor(0.),0.0,0.1102265476190476,0.1213728571428571,0.1021665079365079,0.0375124493795181,0.0303915048321907,0.0379706211674104,0.0,0.0,0.0,0.0,0.0,0.0,0.0,0.0,0.0021978021978021
1,0,1,1,1,3,0.4554455445544554,61,0.0297029702970297,0.1120540833333333,0.1329785714285714,0.0373027760884953,0.0417367350155453,0.4906431405781711,-0.1747153064441167,tensor(-0.0609),-0.0708595663309097,0.1094161904761904,0.0978747619047619,0.1131330291005291,0.0410372733935314,0.0414539702531254,0.0370682509620052,0.7495465361302781,0.4606712678421126,0.5386876088263545,0.0090224700928956,-0.1160775192081928,-0.0584392197746233,0.08,0.06,0.0681318681318681
1,0,1,1,1,3,0.4554455445544554,61,0.0297029702970297,0.1120540833333333,0.1329785714285714,0.0373027760884953,0.0417367350155453,0.4906431405781711,-0.1747153064441167,tensor(-0.0609),-0.0708595663309097,0.1094161904761904,0.0978747619047619,0.1131330291005291,0.0410372733935314,0.0414539702531254,0.0370682509620052,0.7495465361302781,0.4606712678421126,0.5386876088263545,0.0090224700928956,-0.1160775192081928,-0.0584392197746233,0.0699999999999999,0.06,0.0648351648351648
1,0,1,1,1,3,0.4554455445544554,61,0.0297029702970297,0.1120540833333333,0.1329785714285714,0.0373027760884953,0.0417367350155453,0.4906431405781711,-0.1747153064441167,tensor(-0.0609),-0.0708595663309097,0.1094161904761904,0.0978747619047619,0.1131330291005291,0.0410372733935314,0.0414539702531254,0.0370682509620052,0.7495465361302781,0.4606712678421126,0.5386876088263545,0.0090224700928956,-0.1160775192081928,-0.0584392197746233,0.01,0.0,0.0032967032967032
1,1,1,1,1,0,0.6237623762376238,2,0.0198019801980198,0.1011331428571428,0.1512071428571428,0.0389579833918323,0.0389692345403682,0.8599088737510249,1.8098236226024889,tensor(-0.0381),-0.2912605404853821,0.1075807142857142,0.0897786904761904,0.0973750529100529,0.0421010682335233,0.040648585397925,0.0397472102510374,0.6503182174807625,1.0695727241258846,0.818433292394465,0.0068331575530464,-0.0039000374265015,-0.0295508883513523,0.0699999999999999,0.0799999999999999,0.0945054945054945
1,1,1,1,1,0,0.6237623762376238,2,0.0198019801980198,0.1011331428571428,0.1512071428571428,0.0389579833918323,0.0389692345403682,0.8599088737510249,1.8098236226024889,tensor(-0.0381),-0.2912605404853821,0.1075807142857142,0.0897786904761904,0.0973750529100529,0.0421010682335233,0.040648585397925,0.0397472102510374,0.6503182174807625,1.0695727241258846,0.818433292394465,0.0068331575530464,-0.0039000374265015,-0.0295508883513523,0.0699999999999999,0.0699999999999999,0.0934065934065934
1,1,1,1,1,0,0.6237623762376238,2,0.0198019801980198,0.1011331428571428,0.1512071428571428,0.0389579833918323,0.0389692345403682,0.8599088737510249,1.8098236226024889,tensor(-0.0381),-0.2912605404853821,0.1075807142857142,0.0897786904761904,0.0973750529100529,0.0421010682335233,0.040648585397925,0.0397472102510374,0.6503182174807625,1.0695727241258846,0.818433292394465,0.0068331575530464,-0.0039000374265015,-0.0295508883513523,0.0,0.01,0.001098901098901
1,2,1,1,1,0,0.6237623762376238,9,0.0198019801980198,0.1047554880952381,0.0986035714285714,0.0386776289608275,0.0384574597607167,0.7765668829439345,0.8629389688107117,tensor(-0.0353),-0.1450605392456054,0.1144788095238095,0.1295727380952381,0.1048714417989418,0.0421785572073062,0.0302665311483511,0.0385943211551799,0.4433426332688842,0.3401607307564107,0.7676453481569894,0.0018969112432387,-0.0319508114829659,-0.0320517845897282,0.06,0.06,0.09010989010989
1,2,1,1,1,0,0.6237623762376238,9,0.0198019801980198,0.1047554880952381,0.0986035714285714,0.0386776289608275,0.0384574597607167,0.7765668829439345,0.8629389688107117,tensor(-0.0353),-0.1450605392456054,0.1144788095238095,0.1295727380952381,0.1048714417989418,0.0421785572073062,0.0302665311483511,0.0385943211551799,0.4433426332688842,0.3401607307564107,0.7676453481569894,0.0018969112432387,-0.0319508114829659,-0.0320517845897282,0.06,0.06,0.0890109890109889
1,2,1,1,1,0,0.6237623762376238,9,0.0198019801980198,0.1047554880952381,0.0986035714285714,0.0386776289608275,0.0384574597607167,0.7765668829439345,0.8629389688107117,tensor(-0.0353),-0.1450605392456054,0.1144788095238095,0.1295727380952381,0.1048714417989418,0.0421785572073062,0.0302665311483511,0.0385943211551799,0.4433426332688842,0.3401607307564107,0.7676453481569894,0.0018969112432387,-0.0319508114829659,-0.0320517845897282,0.0,0.0,0.001098901098901
1,0,1,1,1,2,0.5148514851485149,18,0.0198019801980198,0.1044762499999999,0.1382488095238095,0.0413100259550472,0.0500837066816425,0.5442137240449526,-0.188332516205452,tensor(-0.0517),-0.1079394966363906,0.0959180952380952,0.0915411904761904,0.1020988888888888,0.0447331037460758,0.0474598963948738,0.041984384067134,0.7593488010158288,0.2609989131289357,0.5670278381550881,0.0041922866033928,-0.0413565083174034,-0.0411025953215357,0.08,0.04,0.0703296703296702
1,0,1,1,1,2,0.5148514851485149,18,0.0198019801980198,0.1044762499999999,0.1382488095238095,0.0413100259550472,0.0500837066816425,0.5442137240449526,-0.188332516205452,tensor(-0.0517),-0.1079394966363906,0.0959180952380952,0.0915411904761904,0.1020988888888888,0.0447331037460758,0.0474598963948738,0.041984384067134,0.7593488010158288,0.2609989131289357,0.5670278381550881,0.0041922866033928,-0.0413565083174034,-0.0411025953215357,0.08,0.04,0.0681318681318681
1,0,1,1,1,2,0.5148514851485149,18,0.0198019801980198,0.1044762499999999,0.1382488095238095,0.0413100259550472,0.0500837066816425,0.5442137240449526,-0.188332516205452,tensor(-0.0517),-0.1079394966363906,0.0959180952380952,0.0915411904761904,0.1020988888888888,0.0447331037460758,0.0474598963948738,0.041984384067134,0.7593488010158288,0.2609989131289357,0.5670278381550881,0.0041922866033928,-0.0413565083174034,-0.0411025953215357,0.0,0.0,0.0021978021978021
1,1,1,1,1,0,0.5247524752475248,43,0.0297029702970297,0.1052107142857142,0.1278333333333333,0.0391680693602714,0.0172380675704458,0.7156212163540141,1.8549285990962208,tensor(-0.0327),-0.0030826572328805,0.1004434523809523,0.0897288095238095,0.1018957275132275,0.0409927284427596,0.0369585278491338,0.040070264863489,0.558563819176288,1.2733126626270566,0.7247006742899501,0.0029229717561975,-0.0483796532498672,-0.0289897530391398,0.06,0.1599999999999999,0.0857142857142856
1,1,1,1,1,0,0.5247524752475248,43,0.0297029702970297,0.1052107142857142,0.1278333333333333,0.0391680693602714,0.0172380675704458,0.7156212163540141,1.8549285990962208,tensor(-0.0327),-0.0030826572328805,0.1004434523809523,0.0897288095238095,0.1018957275132275,0.0409927284427596,0.0369585278491338,0.040070264863489,0.558563819176288,1.2733126626270566,0.7247006742899501,0.0029229717561975,-0.0483796532498672,-0.0289897530391398,0.06,0.1399999999999999,0.0824175824175823
1,1,1,1,1,0,0.5247524752475248,43,0.0297029702970297,0.1052107142857142,0.1278333333333333,0.0391680693602714,0.0172380675704458,0.7156212163540141,1.8549285990962208,tensor(-0.0327),-0.0030826572328805,0.1004434523809523,0.0897288095238095,0.1018957275132275,0.0409927284427596,0.0369585278491338,0.040070264863489,0.558563819176288,1.2733126626270566,0.7247006742899501,0.0029229717561975,-0.0483796532498672,-0.0289897530391398,0.0,0.02,0.0032967032967032
1,2,1,1,1,0,0.5643564356435643,62,0.0297029702970297,0.0984905119047619,0.13625,0.0407365616641382,0.0285070370088019,0.7507729264310997,0.8352429629911982,tensor(-0.0361),-0.1358861774206161,0.1079890476190476,0.112472619047619,0.0988019973544973,0.0440734801324284,0.038675514903334,0.0402468837077962,0.547937472248524,0.6488518660490469,0.7609511189377063,0.0007507728820201,-0.0419905379298143,-0.0338134109378895,0.06,0.06,0.0890109890109889
1,2,1,1,1,0,0.5643564356435643,62,0.0297029702970297,0.0984905119047619,0.13625,0.0407365616641382,0.0285070370088019,0.7507729264310997,0.8352429629911982,tensor(-0.0361),-0.1358861774206161,0.1079890476190476,0.112472619047619,0.0988019973544973,0.0440734801324284,0.038675514903334,0.0402468837077962,0.547937472248524,0.6488518660490469,0.7609511189377063,0.0007507728820201,-0.0419905379298143,-0.0338134109378895,0.06,0.06,0.0857142857142856
1,2,1,1,1,0,0.5643564356435643,62,0.0297029702970297,0.0984905119047619,0.13625,0.0407365616641382,0.0285070370088019,0.7507729264310997,0.8352429629911982,tensor(-0.0361),-0.1358861774206161,0.1079890476190476,0.112472619047619,0.0988019973544973,0.0440734801324284,0.038675514903334,0.0402468837077962,0.547937472248524,0.6488518660490469,0.7609511189377063,0.0007507728820201,-0.0419905379298143,-0.0338134109378895,0.0,0.0,0.0032967032967032
1,0,1,1,1,0,0.6534653465346535,12,0.0198019801980198,0.0936611309523809,0.0540833333333333,0.0408111985765878,0.0444286519276794,1.2436611309523813,2.0540833333333333,tensor(-0.2625),-0.83198082447052,0.0928266666666666,0.083635119047619,0.0949399338624338,0.0420040595740685,0.0413418195661184,0.0401925135732961,1.492826666666667,1.283635119047619,1.2838288227513226,-0.0522534733376232,-0.2718522262759507,-0.2446625401417906,0.12,0.12,0.1175824175824175
1,0,1,1,1,0,0.6534653465346535,12,0.0198019801980198,0.0936611309523809,0.0540833333333333,0.0408111985765878,0.0444286519276794,1.2436611309523813,2.0540833333333333,tensor(-0.2625),-0.83198082447052,0.0928266666666666,0.083635119047619,0.0949399338624338,0.0420040595740685,0.0413418195661184,0.0401925135732961,1.492826666666667,1.283635119047619,1.2838288227513226,-0.0522534733376232,-0.2718522262759507,-0.2446625401417906,0.12,0.12,0.1153846153846153
1,0,1,1,1,0,0.6534653465346535,12,0.0198019801980198,0.0936611309523809,0.0540833333333333,0.0408111985765878,0.0444286519276794,1.2436611309523813,2.0540833333333333,tensor(-0.2625),-0.83198082447052,0.0928266666666666,0.083635119047619,0.0949399338624338,0.0420040595740685,0.0413418195661184,0.0401925135732961,1.492826666666667,1.283635119047619,1.2838288227513226,-0.0522534733376232,-0.2718522262759507,-0.2446625401417906,0.0,0.0,0.0021978021978021
1,1,1,1,1,0,0.6237623762376238,4,0.0297029702970297,0.0987553928571427,0.0738952380952381,0.0420791371312161,0.0332440773482752,1.038755392857143,1.0738952380952382,tensor(-0.0808),-0.0369297191500663,0.0852225,0.1236724999999999,0.1004060449735449,0.0410665921685141,0.038809559326092,0.0419181561444574,0.7852225,0.9236725,1.0448504894179893,-0.0072208735586173,-0.0654285332653671,-0.0757413481144289,0.07,0.11,0.0934065934065933
1,1,1,1,1,0,0.6237623762376238,4,0.0297029702970297,0.0987553928571427,0.0738952380952381,0.0420791371312161,0.0332440773482752,1.038755392857143,1.0738952380952382,tensor(-0.0808),-0.0369297191500663,0.0852225,0.1236724999999999,0.1004060449735449,0.0410665921685141,0.038809559326092,0.0419181561444574,0.7852225,0.9236725,1.0448504894179893,-0.0072208735586173,-0.0654285332653671,-0.0757413481144289,0.06,0.11,0.0912087912087911
1,1,1,1,1,0,0.6237623762376238,4,0.0297029702970297,0.0987553928571427,0.0738952380952381,0.0420791371312161,0.0332440773482752,1.038755392857143,1.0738952380952382,tensor(-0.0808),-0.0369297191500663,0.0852225,0.1236724999999999,0.1004060449735449,0.0410665921685141,0.038809559326092,0.0419181561444574,0.7852225,0.9236725,1.0448504894179893,-0.0072208735586173,-0.0654285332653671,-0.0757413481144289,0.01,0.0,0.0021978021978021
1,0,1,1,1,0,0.6435643564356436,14,0.0297029702970297,0.099556988095238,0.1737071428571428,0.0398689662752131,0.0303404112179706,1.1695569880952383,1.1737071428571428,tensor(-0.1960),-0.1182465925812721,0.1037829761904762,0.083972738095238,0.1000047883597883,0.0365941018146585,0.0430665064149498,0.0394364903156521,1.503782976190476,0.8839727380952382,1.166671455026455,-0.0236367592238821,-0.1326509596779942,-0.1744697794641575,0.12,0.09,0.1054945054945054
1,0,1,1,1,0,0.6435643564356436,14,0.0297029702970297,0.099556988095238,0.1737071428571428,0.0398689662752131,0.0303404112179706,1.1695569880952383,1.1737071428571428,tensor(-0.1960),-0.1182465925812721,0.1037829761904762,0.083972738095238,0.1000047883597883,0.0365941018146585,0.0430665064149498,0.0394364903156521,1.503782976190476,0.8839727380952382,1.166671455026455,-0.0236367592238821,-0.1326509596779942,-0.1744697794641575,0.12,0.08,0.1021978021978021
1,0,1,1,1,0,0.6435643564356436,14,0.0297029702970297,0.099556988095238,0.1737071428571428,0.0398689662752131,0.0303404112179706,1.1695569880952383,1.1737071428571428,tensor(-0.1960),-0.1182465925812721,0.1037829761904762,0.083972738095238,0.1000047883597883,0.0365941018146585,0.0430665064149498,0.0394364903156521,1.503782976190476,0.8839727380952382,1.166671455026455,-0.0236367592238821,-0.1326509596779942,-0.1744697794641575,0.0,0.01,0.0032967032967032
1,1,1,1,1,0,0.6138613861386139,28,0.0297029702970297,0.0966495,0.077645238095238,0.0395039840348689,0.0628008029607733,1.0966495000000005,1.0776452380952384,tensor(-0.0917),-0.1846804767847061,0.1076414285714285,0.0835622619047619,0.0978624338624338,0.0390255037621376,0.0374698676357561,0.0386922588393297,1.0076414285714288,1.283562261904762,1.097862433862434,-0.0057075077842455,-0.1378655386622995,-0.085226791233678,0.09,0.1099999999999999,0.0989010989010988
1,1,1,1,1,0,0.6138613861386139,28,0.0297029702970297,0.0966495,0.077645238095238,0.0395039840348689,0.0628008029607733,1.0966495000000005,1.0776452380952384,tensor(-0.0917),-0.1846804767847061,0.1076414285714285,0.0835622619047619,0.0978624338624338,0.0390255037621376,0.0374698676357561,0.0386922588393297,1.0076414285714288,1.283562261904762,1.097862433862434,-0.0057075077842455,-0.1378655386622995,-0.085226791233678,0.09,0.1,0.0956043956043955
1,1,1,1,1,0,0.6138613861386139,28,0.0297029702970297,0.0966495,0.077645238095238,0.0395039840348689,0.0628008029607733,1.0966495000000005,1.0776452380952384,tensor(-0.0917),-0.1846804767847061,0.1076414285714285,0.0835622619047619,0.0978624338624338,0.0390255037621376,0.0374698676357561,0.0386922588393297,1.0076414285714288,1.283562261904762,1.097862433862434,-0.0057075077842455,-0.1378655386622995,-0.085226791233678,0.0,0.01,0.0032967032967032
1,2,1,1,1,1,0.693069306930693,33,0.0792079207920792,0.0959227976190476,0.1079369047619047,0.0389434486136486,0.0362417214134276,1.2659227976190477,0.1079369047619047,tensor(-0.1121),-0.0239052325487136,0.117697619047619,0.0905663095238095,0.0971994444444444,0.0415580358116628,0.0380482910462301,0.038705813883991,0.6176976190476191,1.3905663095238097,1.2749772222222224,-0.0038114575934741,-0.12453732076101,-0.1052472280471394,0.04,0.12,0.1164835164835164
1,2,1,1,1,1,0.693069306930693,33,0.0792079207920792,0.0959227976190476,0.1079369047619047,0.0389434486136486,0.0362417214134276,1.2659227976190477,0.1079369047619047,tensor(-0.1121),-0.0239052325487136,0.117697619047619,0.0905663095238095,0.0971994444444444,0.0415580358116628,0.0380482910462301,0.038705813883991,0.6176976190476191,1.3905663095238097,1.2749772222222224,-0.0038114575934741,-0.12453732076101,-0.1052472280471394,0.03,0.12,0.1065934065934065
1,2,1,1,1,1,0.693069306930693,33,0.0792079207920792,0.0959227976190476,0.1079369047619047,0.0389434486136486,0.0362417214134276,1.2659227976190477,0.1079369047619047,tensor(-0.1121),-0.0239052325487136,0.117697619047619,0.0905663095238095,0.0971994444444444,0.0415580358116628,0.0380482910462301,0.038705813883991,0.6176976190476191,1.3905663095238097,1.2749772222222224,-0.0038114575934741,-0.12453732076101,-0.1052472280471394,0.01,0.0,0.0098901098901098
1,0,1,1,1,1,0.6372549019607843,19,0.0392156862745098,0.0965351013672796,0.1300416666666666,0.0411038405830274,0.0367723825013705,1.0866341112682694,0.1300416666666666,tensor(-0.2002),-0.067009799182415,0.0978310714285714,0.1055640476190476,0.096667883307169,0.036406144271867,0.0421443043404451,0.0409937159266701,1.1978310714285714,0.5055640476190476,1.0197448063840922,-0.0269015670404769,-0.0356968265026807,-0.1636846903314977,0.1,0.03,0.0913043478260869
1,0,1,1,1,1,0.6372549019607843,19,0.0392156862745098,0.0965351013672796,0.1300416666666666,0.0411038405830274,0.0367723825013705,1.0866341112682694,0.1300416666666666,tensor(-0.2002),-0.067009799182415,0.0978310714285714,0.1055640476190476,0.096667883307169,0.036406144271867,0.0421443043404451,0.0409937159266701,1.1978310714285714,0.5055640476190476,1.0197448063840922,-0.0269015670404769,-0.0356968265026807,-0.1636846903314977,0.1,0.03,0.0869565217391303
1,0,1,1,1,1,0.6372549019607843,19,0.0392156862745098,0.0965351013672796,0.1300416666666666,0.0411038405830274,0.0367723825013705,1.0866341112682694,0.1300416666666666,tensor(-0.2002),-0.067009799182415,0.0978310714285714,0.1055640476190476,0.096667883307169,0.036406144271867,0.0421443043404451,0.0409937159266701,1.1978310714285714,0.5055640476190476,1.0197448063840922,-0.0269015670404769,-0.0356968265026807,-0.1636846903314977,0.0,0.0,0.0043478260869565
1,1,1,1,1,2,0.6851629674065187,17,0.1089782043591281,0.0724454364087399,0.0707059523809523,0.0573120683634132,0.0834995412884195,1.2828243985125352,0.0707059523809523,tensor(-8.9067),-0.9301904439926147,0.1056620238095238,0.0636045238095238,0.0724527379403367,0.0430436856467359,0.0674607649338573,0.0573064556981505,0.905662023809524,1.163604523809524,1.2827419982746378,-0.0009623842895962,-8.44220348596573,-8.898242862433403,0.08,0.0999999999999999,0.1210168134507634
1,1,1,1,1,2,0.6851629674065187,17,0.1089782043591281,0.0724454364087399,0.0707059523809523,0.0573120683634132,0.0834995412884195,1.2828243985125352,0.0707059523809523,tensor(-8.9067),-0.9301904439926147,0.1056620238095238,0.0636045238095238,0.0724527379403367,0.0430436856467359,0.0674607649338573,0.0573064556981505,0.905662023809524,1.163604523809524,1.2827419982746378,-0.0009623842895962,-8.44220348596573,-8.898242862433403,0.08,0.0799999999999999,0.1095176140912792
1,1,1,1,1,2,0.6851629674065187,17,0.1089782043591281,0.0724454364087399,0.0707059523809523,0.0573120683634132,0.0834995412884195,1.2828243985125352,0.0707059523809523,tensor(-8.9067),-0.9301904439926147,0.1056620238095238,0.0636045238095238,0.0724527379403367,0.0430436856467359,0.0674607649338573,0.0573064556981505,0.905662023809524,1.163604523809524,1.2827419982746378,-0.0009623842895962,-8.44220348596573,-8.898242862433403,0.0,0.02,0.0114991993594873
1,1,1,1,1,37,0.0568886222755448,3031,0.002999400119976,0.0448664035977351,0.0256666666666666,0.0843304765358338,0.0965473063749733,0.0263264771141937,-0.0256666666666666,tensor(-0.6332),-1.0842928886413574,0.1091872619047618,0.0344291666666666,0.0448848407614472,0.0332708938713846,0.0921035152240955,0.084321142225298,1.290812738095238,-0.0344291666666666,0.0263792969625043,-0.0011365383630618,-0.5782502382993698,-0.6327507940741337,0.1099999999999999,0.0,0.0071257005604483
1,1,1,1,1,37,0.0568886222755448,3031,0.002999400119976,0.0448664035977351,0.0256666666666666,0.0843304765358338,0.0965473063749733,0.0263264771141937,-0.0256666666666666,tensor(-0.6332),-1.0842928886413574,0.1091872619047618,0.0344291666666666,0.0448848407614472,0.0332708938713846,0.0921035152240955,0.084321142225298,1.290812738095238,-0.0344291666666666,0.0263792969625043,-0.0011365383630618,-0.5782502382993698,-0.6327507940741337,0.1099999999999999,0.0,0.0068254603682946
1,1,1,1,1,37,0.0568886222755448,3031,0.002999400119976,0.0448664035977351,0.0256666666666666,0.0843304765358338,0.0965473063749733,0.0263264771141937,-0.0256666666666666,tensor(-0.6332),-1.0842928886413574,0.1091872619047618,0.0344291666666666,0.0448848407614472,0.0332708938713846,0.0921035152240955,0.084321142225298,1.290812738095238,-0.0344291666666666,0.0263792969625043,-0.0011365383630618,-0.5782502382993698,-0.6327507940741337,0.0,0.0,0.0003002401921537
1,1,1,1,1,1,0.057988402319536,114,0.0028994201159768,0.2304490762828481,0.2648333333333333,0.0216918588492736,0.0159961164668595,0.0486011118536572,-0.0159961164668595,tensor(-0.3329),-0.5133780241012573,0.0947307142857142,0.2301332142857143,0.2304429364999928,0.0431876302541539,0.0266088861122599,0.0216921587555485,0.6568123697458461,-0.0266088861122599,0.0485710781576733,0.0018927530143628,-0.3401449516415596,-0.3325481202172951,0.0699999999999999,0.0,0.0070256204963971
1,1,1,1,1,1,0.057988402319536,114,0.0028994201159768,0.2304490762828481,0.2648333333333333,0.0216918588492736,0.0159961164668595,0.0486011118536572,-0.0159961164668595,tensor(-0.3329),-0.5133780241012573,0.0947307142857142,0.2301332142857143,0.2304429364999928,0.0431876302541539,0.0266088861122599,0.0216921587555485,0.6568123697458461,-0.0266088861122599,0.0485710781576733,0.0018927530143628,-0.3401449516415596,-0.3325481202172951,0.0699999999999999,0.0,0.0067353883106485
1,1,1,1,1,1,0.057988402319536,114,0.0028994201159768,0.2304490762828481,0.2648333333333333,0.0216918588492736,0.0159961164668595,0.0486011118536572,-0.0159961164668595,tensor(-0.3329),-0.5133780241012573,0.0947307142857142,0.2301332142857143,0.2304429364999928,0.0431876302541539,0.0266088861122599,0.0216921587555485,0.6568123697458461,-0.0266088861122599,0.0485710781576733,0.0018927530143628,-0.3401449516415596,-0.3325481202172951,0.0,0.0,0.0002902321857485
1,1,1,1,1,1,0.7173565286942611,13,0.0943811237752449,0.072097276700901,0.121372619047619,0.0554366883376387,0.0807095265464222,1.344407791227351,0.0807095265464222,tensor(-9.8975),-1.2236045598983765,0.1089769047619047,0.0577315476190476,0.0721061978399607,0.0378519674032087,0.0700944271608721,0.0554321771381581,1.0378519674032087,1.270094427160872,1.344592421357956,-0.0063584427605746,-10.095090258121491,-9.89173126386632,0.09,0.13,0.1289031224980005
1,1,1,1,1,1,0.7173565286942611,13,0.0943811237752449,0.072097276700901,0.121372619047619,0.0554366883376387,0.0807095265464222,1.344407791227351,0.0807095265464222,tensor(-9.8975),-1.2236045598983765,0.1089769047619047,0.0577315476190476,0.0721061978399607,0.0378519674032087,0.0700944271608721,0.0554321771381581,1.0378519674032087,1.270094427160872,1.344592421357956,-0.0063584427605746,-10.095090258121491,-9.89173126386632,0.0799999999999999,0.12,0.1189351481184987
1,1,1,1,1,1,0.7173565286942611,13,0.0943811237752449,0.072097276700901,0.121372619047619,0.0554366883376387,0.0807095265464222,1.344407791227351,0.0807095265464222,tensor(-9.8975),-1.2236045598983765,0.1089769047619047,0.0577315476190476,0.0721061978399607,0.0378519674032087,0.0700944271608721,0.0554321771381581,1.0378519674032087,1.270094427160872,1.344592421357956,-0.0063584427605746,-10.095090258121491,-9.89173126386632,0.01,0.01,0.0099679743795034
1,1,1,1,1,78,0.0562887422515496,152,0.00249950009998,0.0459189415582246,0.025,0.0838929675110353,0.0979264179301068,0.0218742791197072,-0.025,tensor(-0.6431),-1.183572769165039,0.0911914285714285,0.0299645238095238,0.0459322558159486,0.0355979506765083,0.0942862144196709,0.0838832293828566,0.9088085714285714,-0.0299645238095238,0.021928819151522,-0.0012048179203702,-0.5955810964107513,-0.642533258474381,0.09,0.0,0.0067854283426741
1,1,1,1,1,78,0.0562887422515496,152,0.00249950009998,0.0459189415582246,0.025,0.0838929675110353,0.0979264179301068,0.0218742791197072,-0.025,tensor(-0.6431),-1.183572769165039,0.0911914285714285,0.0299645238095238,0.0459322558159486,0.0355979506765083,0.0942862144196709,0.0838832293828566,0.9088085714285714,-0.0299645238095238,0.021928819151522,-0.0012048179203702,-0.5955810964107513,-0.642533258474381,0.09,0.0,0.006535228182546
1,1,1,1,1,78,0.0562887422515496,152,0.00249950009998,0.0459189415582246,0.025,0.0838929675110353,0.0979264179301068,0.0218742791197072,-0.025,tensor(-0.6431),-1.183572769165039,0.0911914285714285,0.0299645238095238,0.0459322558159486,0.0355979506765083,0.0942862144196709,0.0838832293828566,0.9088085714285714,-0.0299645238095238,0.021928819151522,-0.0012048179203702,-0.5955810964107513,-0.642533258474381,0.0,0.0,0.0002502001601281
1,1,1,1,1,8670,0.0202959408118376,9154,0.0011997600479904,0.0366737263178437,0.0256666666666666,0.0890843756514688,0.0971630825220185,-0.0110762860618697,-0.0256666666666666,tensor(-0.7650),-1.388493299484253,0.1068642857142857,0.0263,0.0366843596141289,0.0408738774635134,0.0959760817740507,0.0890772374534005,0.993135714285714,-0.0263,-0.0110612988594497,-0.002285091432077,-0.7649944186210632,-0.7643142433975247,0.0999999999999999,0.0,0.0025620496397117
1,1,1,1,1,8670,0.0202959408118376,9154,0.0011997600479904,0.0366737263178437,0.0256666666666666,0.0890843756514688,0.0971630825220185,-0.0110762860618697,-0.0256666666666666,tensor(-0.7650),-1.388493299484253,0.1068642857142857,0.0263,0.0366843596141289,0.0408738774635134,0.0959760817740507,0.0890772374534005,0.993135714285714,-0.0263,-0.0110612988594497,-0.002285091432077,-0.7649944186210632,-0.7643142433975247,0.0999999999999999,0.0,0.0024419535628502
1,1,1,1,1,8670,0.0202959408118376,9154,0.0011997600479904,0.0366737263178437,0.0256666666666666,0.0890843756514688,0.0971630825220185,-0.0110762860618697,-0.0256666666666666,tensor(-0.7650),-1.388493299484253,0.1068642857142857,0.0263,0.0366843596141289,0.0408738774635134,0.0959760817740507,0.0890772374534005,0.993135714285714,-0.0263,-0.0110612988594497,-0.002285091432077,-0.7649944186210632,-0.7643142433975247,0.0,0.0,0.0001200960768614
1,1,1,1,1,8702,0.0211957608478304,9297,0.000999800039992,0.2662161460044475,0.2375,0.0117154020686557,0.0074609205574482,0.0171817082203128,-0.0074609205574482,tensor(-0.2236),-0.4048152863979339,0.0806310714285714,0.29375,0.2661960941037409,0.0370141846303561,0.0069195608863933,0.01172009583087,1.5629858153696436,-0.0069195608863933,0.017205937599217,-0.0092528285000298,-0.2029685199260711,-0.2234195696882052,0.13,0.0,0.0028923138510808
1,1,1,1,1,8702,0.0211957608478304,9297,0.000999800039992,0.2662161460044475,0.2375,0.0117154020686557,0.0074609205574482,0.0171817082203128,-0.0074609205574482,tensor(-0.2236),-0.4048152863979339,0.0806310714285714,0.29375,0.2661960941037409,0.0370141846303561,0.0069195608863933,0.01172009583087,1.5629858153696436,-0.0069195608863933,0.017205937599217,-0.0092528285000298,-0.2029685199260711,-0.2234195696882052,0.13,0.0,0.0027922337870296
1,1,1,1,1,8702,0.0211957608478304,9297,0.000999800039992,0.2662161460044475,0.2375,0.0117154020686557,0.0074609205574482,0.0171817082203128,-0.0074609205574482,tensor(-0.2236),-0.4048152863979339,0.0806310714285714,0.29375,0.2661960941037409,0.0370141846303561,0.0069195608863933,0.01172009583087,1.5629858153696436,-0.0069195608863933,0.017205937599217,-0.0092528285000298,-0.2029685199260711,-0.2234195696882052,0.0,0.0,0.0001000800640512
1,1,1,1,1,8299,0.0223955208958208,8961,0.0006998600279944,0.0387291257778976,0.026,0.0874885510618444,0.0958577505974065,-0.0984204565617718,-0.1218577505974065,tensor(-3.4750),-6.613856315612793,0.1108892857142857,0.0262166666666666,0.0387415827816463,0.032132723163316,0.0959945266816811,0.0874802370924216,1.3569779911223985,-0.1222111933483478,-0.0983967773357835,-0.0046220435702707,-3.5743927001953124,-3.471895873798622,0.14,0.0,0.0027822257806245
1,1,1,1,1,8299,0.0223955208958208,8961,0.0006998600279944,0.0387291257778976,0.026,0.0874885510618444,0.0958577505974065,-0.0984204565617718,-0.1218577505974065,tensor(-3.4750),-6.613856315612793,0.1108892857142857,0.0262166666666666,0.0387415827816463,0.032132723163316,0.0959945266816811,0.0874802370924216,1.3569779911223985,-0.1222111933483478,-0.0983967773357835,-0.0046220435702707,-3.5743927001953124,-3.471895873798622,0.14,0.0,0.0027121697357886
1,1,1,1,1,8299,0.0223955208958208,8961,0.0006998600279944,0.0387291257778976,0.026,0.0874885510618444,0.0958577505974065,-0.0984204565617718,-0.1218577505974065,tensor(-3.4750),-6.613856315612793,0.1108892857142857,0.0262166666666666,0.0387415827816463,0.032132723163316,0.0959945266816811,0.0874802370924216,1.3569779911223985,-0.1222111933483478,-0.0983967773357835,-0.0046220435702707,-3.5743927001953124,-3.471895873798622,0.0,0.0,7.00560448358687e-05
4,1,1,1,1,8569,0.0236952609478104,8723,0.0015996800639872,0.0812024957028106,0.075,0.0182061857192936,0.0170729826478727,-1.0726615020697967,-1.0970851900908396,tensor(-31.0427),-59.600341796875,0.0849827380952381,0.0668749999999999,0.0812040120632378,0.0492189285161311,0.0180756866734505,0.0182084558802715,-0.4886992738949789,-1.0891292054581236,-1.0726331824304998,-0.0117207671239157,-31.90802459716797,-31.013977189021613,0.05,0.0,0.0031024819855884
4,1,1,1,1,8569,0.0236952609478104,8723,0.0015996800639872,0.0812024957028106,0.075,0.0182061857192936,0.0170729826478727,-1.0726615020697967,-1.0970851900908396,tensor(-31.0427),-59.600341796875,0.0849827380952381,0.0668749999999999,0.0812040120632378,0.0492189285161311,0.0180756866734505,0.0182084558802715,-0.4886992738949789,-1.0891292054581236,-1.0726331824304998,-0.0117207671239157,-31.90802459716797,-31.013977189021613,0.05,0.0,0.0029423538831064
4,1,1,1,1,8569,0.0236952609478104,8723,0.0015996800639872,0.0812024957028106,0.075,0.0182061857192936,0.0170729826478727,-1.0726615020697967,-1.0970851900908396,tensor(-31.0427),-59.600341796875,0.0849827380952381,0.0668749999999999,0.0812040120632378,0.0492189285161311,0.0180756866734505,0.0182084558802715,-0.4886992738949789,-1.0891292054581236,-1.0726331824304998,-0.0117207671239157,-31.90802459716797,-31.013977189021613,0.0,0.0,0.0001601281024819
4,1,1,1,1,8724,0.0210957808438312,8771,0.0012997400519896,0.1382849206180187,0.14286925875,0.0261128935683328,0.0211779215023176,-1.1616060753896391,-1.1839224565493596,tensor(-33.7476),-64.39632415771484,0.1119053340564762,0.1255140558125,0.1383030383366459,0.0489300182996899,0.0242721726788448,0.026112685853379,-0.4174226267743385,-1.1728282436951545,-1.1616025929649214,-0.0004867213021498,-34.4658203125,-33.71803200557105,0.0699999999999999,0.0,0.0027722177742193
4,1,1,1,1,8724,0.0210957808438312,8771,0.0012997400519896,0.1382849206180187,0.14286925875,0.0261128935683328,0.0211779215023176,-1.1616060753896391,-1.1839224565493596,tensor(-33.7476),-64.39632415771484,0.1119053340564762,0.1255140558125,0.1383030383366459,0.0489300182996899,0.0242721726788448,0.026112685853379,-0.4174226267743385,-1.1728282436951545,-1.1616025929649214,-0.0004867213021498,-34.4658203125,-33.71803200557105,0.0699999999999999,0.0,0.0026421136909527
4,1,1,1,1,8724,0.0210957808438312,8771,0.0012997400519896,0.1382849206180187,0.14286925875,0.0261128935683328,0.0211779215023176,-1.1616060753896391,-1.1839224565493596,tensor(-33.7476),-64.39632415771484,0.1119053340564762,0.1255140558125,0.1383030383366459,0.0489300182996899,0.0242721726788448,0.026112685853379,-0.4174226267743385,-1.1728282436951545,-1.1616025929649214,-0.0004867213021498,-34.4658203125,-33.71803200557105,0.0,0.0,0.0001301040832666
4,1,1,1,1,6606,0.1219756048790242,7295,0.0158968206358728,0.061283023223901,0.0311394467,0.0880533179920909,0.1042898749582706,-0.9539555028049588,-1.145274457223984,tensor(-25.3740),-55.99738311767578,0.1415018006091666,0.0300437029433333,0.0613145885424214,0.0348854481335173,0.1072212055935097,0.0880353695015392,0.5437194403733381,-1.1473848826372357,-0.9537635774685832,-0.001058213347278,-27.095604133605956,-25.34328587782355,0.16,0.0,0.0198058446757402
4,1,1,1,1,6606,0.1219756048790242,7295,0.0158968206358728,0.061283023223901,0.0311394467,0.0880533179920909,0.1042898749582706,-0.9539555028049588,-1.145274457223984,tensor(-25.3740),-55.99738311767578,0.1415018006091666,0.0300437029433333,0.0613145885424214,0.0348854481335173,0.1072212055935097,0.0880353695015392,0.5437194403733381,-1.1473848826372357,-0.9537635774685832,-0.001058213347278,-27.095604133605956,-25.34328587782355,0.13,0.0,0.0181645316252999
4,1,1,1,1,6606,0.1219756048790242,7295,0.0158968206358728,0.061283023223901,0.0311394467,0.0880533179920909,0.1042898749582706,-0.9539555028049588,-1.145274457223984,tensor(-25.3740),-55.99738311767578,0.1415018006091666,0.0300437029433333,0.0613145885424214,0.0348854481335173,0.1072212055935097,0.0880353695015392,0.5437194403733381,-1.1473848826372357,-0.9537635774685832,-0.001058213347278,-27.095604133605956,-25.34328587782355,0.03,0.0,0.0016413130504403
4,1,1,1,1,8785,0.021495700859828,9451,0.0010997800439912,0.083171470114893,0.078125,0.0182137765349406,0.0158042105496284,-1.0778930850759705,-1.0990696686805177,tensor(-31.0634),-59.82697296142578,0.1086872619047619,0.0765625,0.0831796489459561,0.0409549954869953,0.0159821325571962,0.0182156389505453,-0.51073378260094,-1.097521292479591,-1.077874738069204,-0.0113212057767668,-32.25840682983399,-31.034745856356157,0.05,0.0,0.0028622898318655
4,1,1,1,1,8785,0.021495700859828,9451,0.0010997800439912,0.083171470114893,0.078125,0.0182137765349406,0.0158042105496284,-1.0778930850759705,-1.0990696686805177,tensor(-31.0634),-59.82697296142578,0.1086872619047619,0.0765625,0.0831796489459561,0.0409549954869953,0.0159821325571962,0.0182156389505453,-0.51073378260094,-1.097521292479591,-1.077874738069204,-0.0113212057767668,-32.25840682983399,-31.034745856356157,0.05,0.0,0.0027522017614091
4,1,1,1,1,8785,0.021495700859828,9451,0.0010997800439912,0.083171470114893,0.078125,0.0182137765349406,0.0158042105496284,-1.0778930850759705,-1.0990696686805177,tensor(-31.0634),-59.82697296142578,0.1086872619047619,0.0765625,0.0831796489459561,0.0409549954869953,0.0159821325571962,0.0182156389505453,-0.51073378260094,-1.097521292479591,-1.077874738069204,-0.0113212057767668,-32.25840682983399,-31.034745856356157,0.0,0.0,0.0001100880704563
4,1,1,1,1,7270,0.1192761447710458,7357,0.0147970405918816,0.0560276819737107,0.0278411134666666,0.0920524850451904,0.1145771226343022,-0.9630350840416024,-1.1534944488164889,tensor(-26.1389),-57.0972900390625,0.1489455652083333,0.0278089376766666,0.0560562557700211,0.0430726190969592,0.1072814042878679,0.0920363480359375,0.1851983468955572,-1.144971344676195,-0.9628522756137596,0.000929148675641,-27.79955596923828,-26.108213975487253,0.13,0.0,0.0186749399519611
4,1,1,1,1,7270,0.1192761447710458,7357,0.0147970405918816,0.0560276819737107,0.0278411134666666,0.0920524850451904,0.1145771226343022,-0.9630350840416024,-1.1534944488164889,tensor(-26.1389),-57.0972900390625,0.1489455652083333,0.0278089376766666,0.0560562557700211,0.0430726190969592,0.1072814042878679,0.0920363480359375,0.1851983468955572,-1.144971344676195,-0.9628522756137596,0.000929148675641,-27.79955596923828,-26.108213975487253,0.13,0.0,0.0171337069655721
4,1,1,1,1,7270,0.1192761447710458,7357,0.0147970405918816,0.0560276819737107,0.0278411134666666,0.0920524850451904,0.1145771226343022,-0.9630350840416024,-1.1534944488164889,tensor(-26.1389),-57.0972900390625,0.1489455652083333,0.0278089376766666,0.0560562557700211,0.0430726190969592,0.1072814042878679,0.0920363480359375,0.1851983468955572,-1.144971344676195,-0.9628522756137596,0.000929148675641,-27.79955596923828,-26.108213975487253,0.0,0.0,0.0015412329863891
1,1,1,1,1,7781,0.0774845030993801,7867,0.0081983603279344,0.0556489851644738,0.0288550541,0.0927693459264517,0.0981817237491217,-0.0305301199120437,-0.1270367778491217,tensor(-3.5483),-6.672492027282715,0.16298004804,0.03280315588,0.0556741630431861,0.0350999712091209,0.105642576541019,0.0927607812050861,1.001919980750879,-0.138445732421019,-0.0304287386632457,0.0016667886786763,-3.8000375032424927,-3.5449652690966578,0.11,0.0,0.0118594875900719
1,1,1,1,1,7781,0.0774845030993801,7867,0.0081983603279344,0.0556489851644738,0.0288550541,0.0927693459264517,0.0981817237491217,-0.0305301199120437,-0.1270367778491217,tensor(-3.5483),-6.672492027282715,0.16298004804,0.03280315588,0.0556741630431861,0.0350999712091209,0.105642576541019,0.0927607812050861,1.001919980750879,-0.138445732421019,-0.0304287386632457,0.0016667886786763,-3.8000375032424927,-3.5449652690966578,0.1,0.0,0.0110188150520415
1,1,1,1,1,7781,0.0774845030993801,7867,0.0081983603279344,0.0556489851644738,0.0288550541,0.0927693459264517,0.0981817237491217,-0.0305301199120437,-0.1270367778491217,tensor(-3.5483),-6.672492027282715,0.16298004804,0.03280315588,0.0556741630431861,0.0350999712091209,0.105642576541019,0.0927607812050861,1.001919980750879,-0.138445732421019,-0.0304287386632457,0.0016667886786763,-3.8000375032424927,-3.5449652690966578,0.01,0.0,0.0008406725380304
4,1,1,1,1,7269,0.11617676464707058,7644,0.013597280543891222,0.150021187549446,0.165682465,0.018668400377993426,0.010322322136727135,-0.9903703543356642,-1.1945193319007394,tensor(-27.2952),-59.72784423828125,0.15164916062666667,0.15557352675,0.15002803006801183,0.04252528373790683,0.009692516700908791,0.01867815688127592,0.29653224692236213,-1.1829832800995208,-0.9901925825159695,-0.0017206276796059683,-29.314232635498048,-27.264124495938297,0.14,0.0,0.01870496397117661
4,1,1,1,1,7269,0.11617676464707058,7644,0.013597280543891222,0.150021187549446,0.165682465,0.018668400377993426,0.010322322136727135,-0.9903703543356642,-1.1945193319007394,tensor(-27.2952),-59.72784423828125,0.15164916062666667,0.15557352675,0.15002803006801183,0.04252528373790683,0.009692516700908791,0.01867815688127592,0.29653224692236213,-1.1829832800995208,-0.9901925825159695,-0.0017206276796059683,-29.314232635498048,-27.264124495938297,0.12000000000000002,0.0,0.017273819055243902
4,1,1,1,1,7269,0.11617676464707058,7644,0.013597280543891222,0.150021187549446,0.165682465,0.018668400377993426,0.010322322136727135,-0.9903703543356642,-1.1945193319007394,tensor(-27.2952),-59.72784423828125,0.15164916062666667,0.15557352675,0.15002803006801183,0.04252528373790683,0.009692516700908791,0.01867815688127592,0.29653224692236213,-1.1829832800995208,-0.9901925825159695,-0.0017206276796059683,-29.314232635498048,-27.264124495938297,0.02,0.0,0.001431144915932743
